NSE_SYMBOL,BSE_CODE,COMPANY,EVENT_TYPE,EVENT_SUBJECT,EVENT_DATE,SOURCE,ADDED_AT
AYMSYNTEX,508933,AYM Syntex Ltd,ORDER_WIN,Voting Results along with Scrutinizer''s Report of the Meeting of Unsecured Creditors convened pursuant to the order passed by Hon''ble NCLT.,2026-05-27,BSE_PIPELINE,2026-05-27T05:59:58.991213+05:30
IONEXCHANG,500214,Ion Exchange India Ltd-$,CORPORATE_ACTION,Ion Exchange (India) Limited has intimated the record date for final dividend of FY 2025-26.,2026-05-27,BSE_PIPELINE,2026-05-27T05:59:58.991213+05:30
EVERESTIND,508906,Everest Industries Ltd,RESULTS,"The Board at its meeting held today recommended a Final Dividend of Rs. 1.00/- per equity share of face value of Rs. 10/- each for the financial year ended March 31, 2026. The above dividend, ....",2026-05-27,BSE_PIPELINE,2026-05-27T05:59:58.991213+05:30
FINPIPE,500940,Finolex Industries Ltd,CORPORATE_ACTION,"The Board have recommended a final dividend of Rs. 2 (100%) per equity share of Rs. 2/- each and a special dividend of Rs. 0.75 (37.50%) per equity share of Rs. 2/- each, aggregating to ....",2026-05-27,BSE_PIPELINE,2026-05-27T05:59:58.991213+05:30
SENCO,543936,Senco Gold Ltd,CORPORATE_ACTION,Recommendation of final dividend.,2026-05-27,BSE_PIPELINE,2026-05-27T05:59:58.991213+05:30
TPLPLASTEH,526582,TPL Plastech Ltd,RESULTS,"The Board recommended final dividend of Rs. 1.30/- (65 percent) per equity share of Face Value of Rs. 2/- each for the financial year ended 31st March, 2026, subject to the approval of ....",2026-05-27,BSE_PIPELINE,2026-05-27T05:59:58.991213+05:30
LINC,531241,Linc Ltd-$,CORPORATE_ACTION,Board recommends dividend,2026-05-27,BSE_PIPELINE,2026-05-27T05:59:58.991213+05:30
VLSFINANCE,511333,VLS Finance Ltd,CORPORATE_ACTION,Record Date fixed for purpose of AGM and Dividend.,2026-05-27,BSE_PIPELINE,2026-05-27T05:59:58.991213+05:30
VLSFINANCE,511333,VLS Finance Ltd,CORPORATE_ACTION,Recommendation of dividend @15% i.e. Rs. 1.5/- per equity share for FY 2025-26 subject to the approval of members at the ensuing AGM.,2026-05-27,BSE_PIPELINE,2026-05-27T05:59:58.991213+05:30
HONDAPOWER,522064,Honda India Power Products Ltd,CORPORATE_ACTION,Fixed Book Closure for the purpose of AGM and Final Dividend.,2026-05-27,BSE_PIPELINE,2026-05-27T05:59:58.991213+05:30
POCL,532626,Pondy Oxides & Chemicals Ltd,CORPORATE_ACTION,Sub-Division/ Split of existing equity shares of the company from 2 equity share having face value of Rs. 5/- each fully paid up into 5 equity share having face value of Rs. 2/- each fully ....,2026-05-27,BSE_PIPELINE,2026-05-27T05:59:58.991213+05:30
GSPCROP,544733,GSP Crop Science Ltd,CORPORATE_ACTION,Recommendation of dividend @10% i.e. Rs. 1/- per equity share for FY 2025-26 subject to the approval of members at the ensuing AGM.,2026-05-27,BSE_PIPELINE,2026-05-27T05:59:58.991213+05:30
HONDAPOWER,522064,Honda India Power Products Ltd,CORPORATE_ACTION,Record Date fixed for the payment of Final Dividend.,2026-05-27,BSE_PIPELINE,2026-05-27T05:59:58.991213+05:30
,538646,QGO Finance Ltd,CORPORATE_ACTION,"The Board of Directors at its meeting held on May 26, 2026 have approved the declaration of fourth (4th) interim dividend for the quarter ended March 31, 2026 at Rs. 0.15 (1.5%) per equity ....",2026-05-27,BSE_PIPELINE,2026-05-27T05:59:58.991213+05:30
,538646,QGO Finance Ltd,CORPORATE_ACTION,"The Board of Directors has approved the declaration of the fourth (4th) interim dividend at Rs. 0.15 (1.5%) per equity shares on the face value of Rs. 10 each for the quarter ended March 31, 2026.",2026-05-27,BSE_PIPELINE,2026-05-27T05:59:58.991213+05:30
TATACOMM,500483,Tata Communications Ltd,RESULTS,Record date for payment of final dividend on equity shares of the Company for the financial year 2025-26.,2026-05-27,BSE_PIPELINE,2026-05-27T05:59:58.991213+05:30
,512060,Ventura Guaranty Ltd,CORPORATE_ACTION,"Ventura Guaranty Limited has considered, approved and recommended a final dividend of Rs. 4.50 /- (Four Rupees and Fifty Paise) (45%) per Equity Shares of Rs. 10 (Rupees Ten only) each ....",2026-05-27,BSE_PIPELINE,2026-05-27T05:59:58.991213+05:30
RAMRAT,522281,Ram Ratna Wires Ltd-$,CORPORATE_ACTION,"Recommendation of Dividend by the Board of Directors for the FY ended March 31, 2026.",2026-05-27,BSE_PIPELINE,2026-05-27T05:59:58.991213+05:30
PGHL,500126,Procter & Gamble Health Ltd,CORPORATE_ACTION,Record date for purpose of dividend,2026-05-27,BSE_PIPELINE,2026-05-27T05:59:58.991213+05:30
RUPA,533552,Rupa & Company Ltd,RESULTS,"Recommended a final dividend of 300% (Rs. 3/- per equity share of Re. 1/- each) for the financial year ended March 31, 2026, subject to the approval of shareholders at the ensuing Annual ....",2026-05-27,BSE_PIPELINE,2026-05-27T05:59:58.991213+05:30
BAYERCROP,506285,Bayer CropScience Ltd,RESULTS,"We wish to inform you that the Board of Directors at its meeting held on May 26, 2026, recommended a Final Dividend of Rs. 60 per share for the the financial year 2025-26 subject to the ....",2026-05-27,BSE_PIPELINE,2026-05-27T05:59:58.991213+05:30
PGHL,500126,Procter & Gamble Health Ltd,RESULTS,"Board has recommended final dividend for the Financial Year 2025-26, subject to approval of shareholders.",2026-05-27,BSE_PIPELINE,2026-05-27T05:59:58.991213+05:30
,544199,GEM Enviro Management Ltd,RESULTS,"The Board recommended Final Dividend of Rs. 0.25/-, i.e., 5% per equity share of face value of Rs. 5/- each fully paid up for the financial year 2025-26, subject to approval of shareholders ....",2026-05-27,BSE_PIPELINE,2026-05-27T05:59:58.991213+05:30
,543806,ITCONS E-Solutions Ltd,RESULTS,"Outcome of Board Meeting held on May 26, 2026 for recommendation of Final Dividend of Rs. 0.15/- per share for Financial year 2025-26",2026-05-27,BSE_PIPELINE,2026-05-27T05:59:58.991213+05:30
KIRANVYPAR,537750,Kiran Vyapar Ltd,CORPORATE_ACTION,"Pursuant to Reg 30 of SEBI LODR Reg 2015, the Board of Directors of the Company at its meeting held on today i.e 26 May, 2026, has recommended a dividend of Re.1/- i.e (10% ) per equity ....",2026-05-27,BSE_PIPELINE,2026-05-27T05:59:58.991213+05:30
,530477,Vikram Thermo India Ltd,CORPORATE_ACTION,"The  Board of directors in the meeting held on 26th May, 2026, approved the dividend.",2026-05-27,BSE_PIPELINE,2026-05-27T05:59:58.991213+05:30
FERMENTA,506414,Fermenta Biotech Ltd,CORPORATE_ACTION,Recommendation of final dividend subject to approval of shareholders.,2026-05-27,BSE_PIPELINE,2026-05-27T05:59:58.991213+05:30
KUANTUM,532937,Kuantum Papers Ltd,CORPORATE_ACTION,RECOMMENDATION OF FINAL DIVIDEND FOR F.Y. 2025-26,2026-05-27,BSE_PIPELINE,2026-05-27T05:59:58.991213+05:30
,530457,GTT Data Solutions Ltd,RESULTS,"The Board at its meeting held on 26 May, 2026 considered and approved the Audited Financial Results (Consolidated and Standalone) for the quarter and financial year ended March 31, 2026 ....",2026-05-27,BSE_PIPELINE,2026-05-27T05:59:58.991213+05:30
,541228,Taylormade Renewables Ltd,RESULTS,"Taylormade Renewables Ltdhas informed BSE that the meeting of the Board of Directors of the Company is scheduled on 30/05/2026 ,inter alia, to consider and approve Audited Financial Results ....",2026-05-27,BSE_PIPELINE,2026-05-27T05:59:58.991213+05:30
PARKHOTELS,544111,Apeejay Surrendra Park Hotels Ltd,RESULTS,"Financial results for the fourth quarter (Q4) and financial year ended March 31, 2026 and recommendation of Dividend",2026-05-27,BSE_PIPELINE,2026-05-27T05:59:58.991213+05:30
,512279,N2N Technologies Ltd,RESULTS,"N2N Technologies Ltdhas informed BSE that the meeting of the Board of Directors of the Company is scheduled on 30/05/2026 ,inter alia, to consider and approve Audited Financial Results ....",2026-05-27,BSE_PIPELINE,2026-05-27T05:59:58.991213+05:30
,506971,B&B Realty Ltd,RESULTS,"B&B Realty Ltdhas informed BSE that the meeting of the Board of Directors of the Company is scheduled on 30/05/2026 ,inter alia, to consider and approve Audited Financial Results of the ....",2026-05-27,BSE_PIPELINE,2026-05-27T05:59:58.991213+05:30
IONEXCHANG,500214,Ion Exchange India Ltd-$,RESULTS,"ION Exchange (India) Limited has submitted to the Exchange the Audited Financial Results for the quarter and year ended March 31, 2026, recommendation of Dividend and appointment of Cost Auditors",2026-05-27,BSE_PIPELINE,2026-05-27T05:59:58.991213+05:30
,544637,Methodhub Software Ltd,RESULTS,"Outcome of the Board Meeting for the financial results for the half year and year ended March 31, 2026",2026-05-27,BSE_PIPELINE,2026-05-27T05:59:58.991213+05:30
,531153,Diligent Industries Ltd,RESULTS,"Diligent Industries Ltdhas informed BSE that the meeting of the Board of Directors of the Company is scheduled on 30/05/2026 ,inter alia, to consider and approve the Audited Financial Results ....",2026-05-27,BSE_PIPELINE,2026-05-27T05:59:58.991213+05:30
,531537,Mizzen Ventures Ltd,RESULTS,"1. Audited standalone financial results for the quarter and financial year ended March 31, 2026 ('Financial Results');

2. Audited Consolidated financial results for the quarter and financial ....",2026-05-27,BSE_PIPELINE,2026-05-27T05:59:58.991213+05:30
,543613,Mafia Trends Ltd,RESULTS,"Mafia Trends Ltdhas informed BSE that the meeting of the Board of Directors of the Company is scheduled on 30/05/2026 ,inter alia, to consider and approve 1.  the Audited Financial Results ....",2026-05-27,BSE_PIPELINE,2026-05-27T05:59:58.991213+05:30
,544555,Ameenji Rubber Ltd,RESULTS,"Ameenji Rubber Ltdhas informed BSE that the meeting of the Board of Directors of the Company is scheduled on 30/05/2026 ,inter alia, to consider and approve Audited Financial Results of ....",2026-05-27,BSE_PIPELINE,2026-05-27T05:59:58.991213+05:30
,532914,Arcotech Ltd,RESULTS,"Arcotech Ltdhas informed BSE that the meeting of the Board of Directors of the Company is scheduled on 30/05/2026 ,inter alia, to consider and approve the Audited Financial Results of the ....",2026-05-27,BSE_PIPELINE,2026-05-27T05:59:58.991213+05:30
KECL,533193,Kirloskar Electric Company Ltd,RESULTS,"Outcome of the Board meeting and audited financial results for the quarter and financial year ended March 31, 2026.",2026-05-27,BSE_PIPELINE,2026-05-27T05:59:58.991213+05:30
GLOBALE,544234,Globale Tessile Ltd,RESULTS,The Board has considered and approved the Audited Financial Results along with Independent Auditor''s Report for the Fourth Quarter and year ended on 31st March 2026 for the F.Y. 2025-2026.,2026-05-27,BSE_PIPELINE,2026-05-27T05:59:58.991213+05:30
ONGC,500312,Oil and Natural Gas Corporation Ltd,RESULTS,"The Board of Directors of the Company, at its meeting held today i.e. 26.05.2026, has inter-alia considered the following proposals:
1. Recommendation of Final Dividend for the Financial ....",2026-05-27,BSE_PIPELINE,2026-05-27T05:59:58.991213+05:30
ICICIGI,540716,ICICI Lombard,MATERIAL_ANNOUNCEMENT,Please find enclosed Notice of the Twenty-Sixth (26th) Annual General Meeting and Integrated Annual Report of ICICI Lombard General Insurance Company Limited for FY2026,2026-05-27,BSE_LIVE_POLLER,2026-05-27T07:31:29.063385+05:30
PENIND,513228,Pennar Industrie,MATERIAL_ANNOUNCEMENT,The detail regarding making of Investment in ZAP91 Solar India Private Limited a joint Venture Company is attached in Annexure-A.,2026-05-27,BSE_LIVE_POLLER,2026-05-27T07:31:29.063385+05:30
PARKHOTELS,544111,Apeejay Surrend.,CORPORATE_ACTION,Recommendation of final dividend for the FY 2025-26,2026-05-27,BSE_LIVE_POLLER,2026-05-27T07:31:29.063385+05:30
,539435,Richfield Financial Services Ltd,RESULTS,"The Board of Directors in its meeting held today approved the audited financial results for the quarter and year ended March 31, 2026.",2026-05-27,BSE_PIPELINE,2026-05-27T08:10:25.514195+05:30
,500399,Steelco Gujarat Ltd,RESULTS,"Financial Results for the fourth quarter and year ended 31st March, 2026 alongwith Independent Auditors'' Report and Statement of Deviation and Variation is enclosed.",2026-05-27,BSE_PIPELINE,2026-05-27T08:10:25.514195+05:30
IONEXCHANG,500214,Ion Exchange India Ltd-$,RESULTS,"Ion Exchange (India) Limited has informed the Exchanges about the financial results for quarter and financial year ended March 31, 2026.",2026-05-27,BSE_PIPELINE,2026-05-27T08:10:25.514195+05:30
,544637,Methodhub Software Ltd,RESULTS,"Financial results for the quarter and year ended March 31, 2026",2026-05-27,BSE_PIPELINE,2026-05-27T08:10:25.514195+05:30
SENCO,543936,Senco Gold Ltd,RESULTS,Financial Results for the quarter and year ended 31st March 2026,2026-05-27,BSE_PIPELINE,2026-05-27T08:10:25.514195+05:30
FINPIPE,500940,Finolex Industries Ltd,RESULTS,"The Audited Standalone and Consolidated Financial Results of the Company for the Quarter and Financial Year ended 31st March, 2026",2026-05-27,BSE_PIPELINE,2026-05-27T08:10:25.514195+05:30
KECL,533193,Kirloskar Electric Company Ltd,RESULTS,Please find enclosed outcome of the Board meeting and audited financial results for the quarter and financial year ended 31 March 2026.,2026-05-27,BSE_PIPELINE,2026-05-27T08:10:25.514195+05:30
TRANSRAILL,544317,Transrail Lighting Ltd,RESULTS,"Audited Financial Results (Standalone & Consolidated) Financial Results for the quarter and year ended March 31, 2026",2026-05-27,BSE_PIPELINE,2026-05-27T08:10:25.514195+05:30
GLOBALE,544234,Globale Tessile Ltd,RESULTS,"The Board has considered and approved the financial results for the 4th quarter and year ended on March 31, 2026.",2026-05-27,BSE_PIPELINE,2026-05-27T08:10:25.514195+05:30
,513693,KIC Metaliks Ltd,RESULTS,"Audited Financial Results for the Quarter and Financial Year ended March 31, 2026",2026-05-27,BSE_PIPELINE,2026-05-27T08:10:25.514195+05:30
,530777,Infra Industries Ltd,RESULTS,Approval of Audited Financial Results for the Quarter and Financial Year ended 31 March 2026,2026-05-27,BSE_PIPELINE,2026-05-27T08:10:25.514195+05:30
LINC,531241,Linc Ltd-$,RESULTS,"Audited Financial Results for quarter and financial year ended 31st March, 2026",2026-05-27,BSE_PIPELINE,2026-05-27T08:10:25.514195+05:30
ONGC,500312,Oil and Natural Gas Corporation Ltd,RESULTS,Financial Results for the Financial Year ended 31.03.2026,2026-05-27,BSE_PIPELINE,2026-05-27T08:10:25.514195+05:30
TPLPLASTEH,526582,TPL Plastech Ltd,RESULTS,"Considered and Approved (Consolidated and Standalone) Financial Results for the Quarter and Year ended 31st March, 2026.",2026-05-27,BSE_PIPELINE,2026-05-27T08:10:25.514195+05:30
PVSL,544144,Popular Vehicles and Services Ltd,RESULTS,"Board of Directors at their meeting held on 26th May, 2026 has approved the audited standalone and consolidated financial results for the quarter and year ended 31st March, 2026.",2026-05-27,BSE_PIPELINE,2026-05-27T08:10:25.514195+05:30
SOFTTECH,543470,Softtech Engineers Ltd,RESULTS,"Standalone and consolidated financial results for quarter and year ended March 31, 2026",2026-05-27,BSE_PIPELINE,2026-05-27T08:10:25.514195+05:30
LOTUSEYE,532998,Lotus Eye Hospital And Institute Ltd,RESULTS,"Standalone Audited Financial Results for the quarter and year ended March 31, 2026.",2026-05-27,BSE_PIPELINE,2026-05-27T08:10:25.514195+05:30
,538539,Annvrridhhi  Ventures Ltd,RESULTS,The Board of Directors at its meeting held today considered and approved the audited financial results of the company for the quarter and financial year ended on 31.03.2026. Net worth is 18.22 crores,2026-05-27,BSE_PIPELINE,2026-05-27T08:10:25.514195+05:30
,544296,Nisus Finance Services Co Ltd,RESULTS,"Results - Audited Financial Results For The Half Year and Financial Year Ended  31st March, 2026",2026-05-27,BSE_PIPELINE,2026-05-27T08:10:25.514195+05:30
VLSFINANCE,511333,VLS Finance Ltd,RESULTS,"Audited financial results (standalone and consolidated) for the financial year ended March 31, 2026",2026-05-27,BSE_PIPELINE,2026-05-27T08:10:25.514195+05:30
KAMOPAINTS,543747,Kamdhenu Ventures Ltd,RESULTS,Standalone and Consolidated Financial Results for the Quarter and Year ended on 31.03.2026,2026-05-27,BSE_PIPELINE,2026-05-27T08:10:25.514195+05:30
,512377,Magnanimous Trade & finance Ltd,RESULTS,Audited Financial Results for the quarter and year ended 31st March 2026,2026-05-27,BSE_PIPELINE,2026-05-27T08:10:25.514195+05:30
AXISCADES,532395,AXISCADES Tech.,ORDER_WIN,"Disclosure under Regulation 30 of SEBI (LODR) Regulations, 2015 - Bagging of Order",2026-05-27,BSE_LIVE_POLLER,2026-05-27T08:23:01.912207+05:30
TCS,532540,TCS,ORDER_WIN,Press Release - SKF awards global AI-led business transformation contract to TCS,2026-05-27,BSE_LIVE_POLLER,2026-05-27T11:01:16.429208+05:30
SANGHVIMOV,530073,Sanghvi Movers,RESULTS,"Transcript of the Earnings conference call on Audited Financial Results for quarter and year ended March 31, 2026",2026-05-27,BSE_LIVE_POLLER,2026-05-27T11:28:03.022179+05:30
RAMRAT,522281,Ram Ratna Wires,RESULTS,"Please find enclosed herewith Newspaper Publication on Audited financial results for the quarter and FY ended March 31, 2026.",2026-05-27,BSE_LIVE_POLLER,2026-05-27T12:03:24.422944+05:30
RBLBANK,540065,RBL Bank,MATERIAL_ANNOUNCEMENT,RBL Bank Limited informs the exchange about Investor meet.,2026-05-27,BSE_LIVE_POLLER,2026-05-27T12:14:39.282740+05:30
REMSONSIND,530919,Remsons Ind,CORPORATE_ACTION,Fixed Record date for the payment of Interim Dividend,2026-05-27,BSE_LIVE_POLLER,2026-05-27T12:18:54.105128+05:30
REMSONSIND,530919,Remsons Ind,CORPORATE_ACTION,Interim Dividend,2026-05-27,BSE_LIVE_POLLER,2026-05-27T12:24:10.680622+05:30
HFCL,500183,HFCL,ORDER_WIN,"We are pleased to inform all stakeholders that the Company has received a Purchase Order worth ~INR 135.09 Crore from RailTel Corporation of India Limited, a Government of India Undertaking, ....",2026-05-27,BSE_LIVE_POLLER,2026-05-27T12:27:23.939284+05:30
COROMANDEL,506395,Coromandel Inter,CORPORATE_ACTION,Newspaper advertisement - Transfer of Dividend and Equity Shares to IEPF,2026-05-27,BSE_LIVE_POLLER,2026-05-27T12:41:46.858920+05:30
KERNEX,532686,Kernex Microsys.,ORDER_WIN,"The Company was awarded order from CLW for a value of Rs. 475.21 crores for supply, installation, testing and commissioning of on Board KAVACH Loco Equipment",2026-05-27,BSE_LIVE_POLLER,2026-05-27T12:50:43.688522+05:30
SBIN,500112,SBI,MATERIAL_ANNOUNCEMENT,Newspaper Publication regarding notice of dispatch of Annual Report for FY2025-26 and notice of 71st AGM of the Bank,2026-05-27,BSE_LIVE_POLLER,2026-05-27T12:57:31.951646+05:30
BANKINDIA,532149,Bank of India,CORPORATE_ACTION,Newspaper Publication - Dividend Pay-Out 2026 Communication of Tax deduction,2026-05-27,BSE_LIVE_POLLER,2026-05-27T12:57:31.951646+05:30
,517494,Accel Ltd,RESULTS,Outcome of Board Meeting Held on 27th May 2026-Audited Standalone and Consolidated Financial Results.,2026-05-28,BSE_PIPELINE,2026-05-28T06:34:21.574840+05:30
SADBHIN,539346,Sadbhav Infrastructure Project Ltd,RESULTS,Please find enclosed audited financial results of the company for the quarter and year ended on 31.03.2026,2026-05-28,BSE_PIPELINE,2026-05-28T06:34:21.574840+05:30
MFML,544233,Mahalaxmi Fabric Mills Ltd,RESULTS,"Standalone and Consolidated Financial Results for the Year ended on March 31, 2026",2026-05-28,BSE_PIPELINE,2026-05-28T06:34:21.574840+05:30
,503635,Shree Salasar Investments Ltd,RESULTS,Outcome of Board meeting for approval of Standalone and consolidated financial results for quarter and year end 31st March 2026,2026-05-28,BSE_PIPELINE,2026-05-28T06:34:21.574840+05:30
,540026,Ladam Affordable Housing Ltd,RESULTS,"The Board of Directors in its Meeting held on May 27, 2026, inter alia, approved the Audited Standalone and Consolidated Financial Results for the quarter and financial year ended March 31, 2026.",2026-05-28,BSE_PIPELINE,2026-05-28T06:34:21.574840+05:30
ESABINDIA,500133,Esab India Ltd,RESULTS,Audited financial results for the quarter and year ended 31st March 2026.,2026-05-28,BSE_PIPELINE,2026-05-28T06:34:21.574840+05:30
,541358,Unifinz Capital India Ltd,RESULTS,Revised financial results for the financial year ended 31.03.2026,2026-05-28,BSE_PIPELINE,2026-05-28T06:34:21.574840+05:30
OMFREIGHT,544564,Om Freight Forwarders Ltd,RESULTS,"Audited standalone and consolidated financial results for the quarter and year ended March 31, 2026 along with the auditor''s report thereon.",2026-05-28,BSE_PIPELINE,2026-05-28T06:34:21.574840+05:30
,500016,Aruna Hotels Ltd,RESULTS,Audited Financial Results for the year ended 31st March 2026,2026-05-28,BSE_PIPELINE,2026-05-28T06:34:21.574840+05:30
,520155,Starlog Enterprises Ltd,RESULTS,"Financial Results for the quarter and year March 31, 2026.",2026-05-28,BSE_PIPELINE,2026-05-28T06:34:21.574840+05:30
,509053,Banas Finance Ltd,RESULTS,"Financial Results for quarter and year ended 31st March, 2026",2026-05-28,BSE_PIPELINE,2026-05-28T06:34:21.574840+05:30
,507808,United Leasing & Industries Ltd,RESULTS,Please Find Enclosed herewith the Financial Results for the quarter and  year ended 31st March 2026,2026-05-28,BSE_PIPELINE,2026-05-28T06:34:21.574840+05:30
SINGERIND,505729,Singer India Ltd,RESULTS,"Audited Financial Results for the Company for the quarter and financial year ended on March 31, 2026",2026-05-28,BSE_PIPELINE,2026-05-28T06:34:21.574840+05:30
GMRAIRPORT,532754,GMR Airports Ltd,RESULTS,Annual Financial Results for FY 2025-26,2026-05-28,BSE_PIPELINE,2026-05-28T06:34:21.574840+05:30
NIMBSPROJ,511714,Nimbus Projects Ltd,RESULTS,"Audited Financial Results (Standalone & Consolidated) for the quarter & year ended March 31, 2026",2026-05-28,BSE_PIPELINE,2026-05-28T06:34:21.574840+05:30
CELLO,544012,Cello World Ltd,RESULTS,"Enclosed h/w financial results as on March 31, 2026",2026-05-28,BSE_PIPELINE,2026-05-28T06:34:21.574840+05:30
TIMETECHNO,532856,Time Technoplast Ltd,RESULTS,"Considered and approved Audited (Consolidated & Standalone) Financial Results for the Quarter and Year ended 31st March, 2026 and Auditor''s Report thereon.",2026-05-28,BSE_PIPELINE,2026-05-28T06:34:21.574840+05:30
QUADFUTURE,544336,Quadrant Future Tek Ltd,RESULTS,Audited Financial results for the Quarter and Financial year ended 31st March 2026,2026-05-28,BSE_PIPELINE,2026-05-28T06:34:21.574840+05:30
SBGLP,543218,Suratwwala Business Group Ltd,RESULTS,Audited Financial Results. Detailed PDF attached.,2026-05-28,BSE_PIPELINE,2026-05-28T06:34:21.574840+05:30
,516106,Shree Karthik Papers Ltd,RESULTS,The Board of Directors approved the financial results for the quarter and year ended 31/03/26 along with auditors independent report,2026-05-28,BSE_PIPELINE,2026-05-28T06:34:21.574840+05:30
AXISCADES,532395,Axiscades Technologies Ltd,RESULTS,"Audited Financial Results for quarter and year ended March 31, 2026",2026-05-28,BSE_PIPELINE,2026-05-28T06:34:21.574840+05:30
,512091,Global Defence Industries Ltd,RESULTS,"Audited Financial Results (Standalone and Consolidated) for the quarter and year ended March 31, 2026",2026-05-28,BSE_PIPELINE,2026-05-28T06:34:21.574840+05:30
PML,539113,Paul Merchants Ltd,RESULTS,"Standalone and Consolidated Audited financial results along with segment results for the financial year ended 31.03.2026

Audit Reports on the Standalone and Consolidated financial results ....",2026-05-28,BSE_PIPELINE,2026-05-28T06:34:21.574840+05:30
,538597,TTI Enterprise Ltd,RESULTS,Audited Standalone Financial results for 31st March 2026,2026-05-28,BSE_PIPELINE,2026-05-28T06:34:21.574840+05:30
,526445,Indrayani Biotech Ltd,RESULTS,"Delay in financial results for the year ended 31st March, 2026",2026-05-28,BSE_PIPELINE,2026-05-28T06:34:21.574840+05:30
,533212,GKB Ophthalmics Ltd,RESULTS,"Enclosed please find the Audited Standalone and Consolidated Financial Results for the quarter and year ended March 31, 2026.

Kindly take the information on record.",2026-05-28,BSE_PIPELINE,2026-05-28T06:34:21.574840+05:30
PGEL,533581,PG Electroplast Ltd,RESULTS,"Financial Results for the period ended March 31, 2026.",2026-05-28,BSE_PIPELINE,2026-05-28T06:34:21.574840+05:30
ROTO,517500,Roto Pumps Ltd,RESULTS,Audited Financial Results,2026-05-28,BSE_PIPELINE,2026-05-28T06:34:21.574840+05:30
SHARDUL,512393,Shardul Securities Ltd,RESULTS,Audited Financial Results (Standalone and Consolidated) for the quarter and year ended 31st March 2026,2026-05-28,BSE_PIPELINE,2026-05-28T06:34:21.574840+05:30
MMFL,522241,MM Forgings Ltd-$,RESULTS,We are submitting the financial results for the quarter and year ended 31 March 2026,2026-05-28,BSE_PIPELINE,2026-05-28T06:34:21.574840+05:30
,544056,Sahara Maritime Ltd,RESULTS,"Audited Financial Results along with Audit Report for the half year and year ended 31st March, 2026
Declaration of unmodified opinion
Declaration of non-applicability of Related Party ....",2026-05-28,BSE_PIPELINE,2026-05-28T06:34:21.574840+05:30
TECHNVISN,501421,TechNVision Ventures Ltd,ORDER_WIN,"We have submitted the Audited Financial Results for quarter and year ended 31.06.2026 as per Regulation 33 of the SEBI(LODR) Regulations, 2015. We noticed that the uploaded Financial Statements ....",2026-05-28,BSE_PIPELINE,2026-05-28T06:34:21.574840+05:30
ASHIANA,523716,Ashiana Housing Ltd-$,RESULTS,Financial Results for the quarter and year ended 31st March 2026 approved in the Board Meeting held on 27th May 2026,2026-05-28,BSE_PIPELINE,2026-05-28T06:34:21.574840+05:30
RELIANCE,500325,Reliance Industries Ltd,MATERIAL_ANNOUNCEMENT,"The Forty-ninth Annual General Meeting (Post-IPO) of the members of the Company will be held on Friday, June 19, 2026 at 2:00 P.M. (IST) through Video Conferencing / Other Audio Visual Means.",2026-05-28,BSE_PIPELINE,2026-05-28T06:34:21.574840+05:30
ESABINDIA,500133,Esab India Ltd,CORPORATE_ACTION,Record date for the purpose of final Dividend and AGM is 23rd July 2026,2026-05-28,BSE_PIPELINE,2026-05-28T06:34:21.574840+05:30
RAMKY,533262,Ramky Infrastructure Ltd,CORPORATE_ACTION,Board approved the final dividend FY 2025-26 at 10%,2026-05-28,BSE_PIPELINE,2026-05-28T06:34:21.574840+05:30
SINGERIND,505729,Singer India Ltd,CORPORATE_ACTION,Board recommended Dividend of Rs. 0.40 per share subject to the approval of the Shareholders of the Company at the ensuing AGM.,2026-05-28,BSE_PIPELINE,2026-05-28T06:34:21.574840+05:30
CELLO,544012,Cello World Ltd,CORPORATE_ACTION,"Dividend when sanctioned will be payable to those Equity Shareholders holding share on July 31, 2026 (Record date)",2026-05-28,BSE_PIPELINE,2026-05-28T06:34:21.574840+05:30
TIMETECHNO,532856,Time Technoplast Ltd,RESULTS,"The Board of Directors at its meeting held today i.e. May 27, 2026, recommended final dividend of Rs. 1.50/- (150%) per equity share of face value of Rs. 1/- each for the financial year ....",2026-05-28,BSE_PIPELINE,2026-05-28T06:34:21.574840+05:30
RELTD,504341,Ravindra Energy Ltd,CORPORATE_ACTION,Intimation of record date for the purpose of determining eligibility of the shareholders to participate in the ongoing rights issue of the Company,2026-05-28,BSE_PIPELINE,2026-05-28T06:34:21.574840+05:30
UNIONBANK,532477,Union Bank of India,CORPORATE_ACTION,Book Closure For Annual General Meeting (AGM) And Cut Off / Record Date for Dividend.,2026-05-28,BSE_PIPELINE,2026-05-28T06:34:21.574840+05:30
MMFL,522241,MM Forgings Ltd-$,CORPORATE_ACTION,The Board of Directors at their meeting held today approved the interim dividend of Rs. 4/- per share with record date of 12 June 2026,2026-05-28,BSE_PIPELINE,2026-05-28T06:34:21.574840+05:30
ROTO,517500,Roto Pumps Ltd,CORPORATE_ACTION,Intimation of Final Dividend,2026-05-28,BSE_PIPELINE,2026-05-28T06:34:21.574840+05:30
MMFL,522241,MM Forgings Ltd-$,CORPORATE_ACTION,"The Board of Directors at their meeting held today, 27 May 2026 approves Interim dividend of Rs. 4/- per share.",2026-05-28,BSE_PIPELINE,2026-05-28T06:34:21.574840+05:30
CPPLUS,544466,Aditya Infotech Ltd,CORPORATE_ACTION,Outcome of Board Meeting  - Recommendation of Final Dividend for FY 2025-26,2026-05-28,BSE_PIPELINE,2026-05-28T06:34:21.574840+05:30
BATAINDIA,500043,Bata India Ltd,RESULTS,"Bata India Limited has informed that the Board at its meeting held on May 27, 2026, recommended dividend of Rs. 9 per equity share, for the Financial Year ended March 31, 2026, for approval ....",2026-05-28,BSE_PIPELINE,2026-05-28T06:34:21.574840+05:30
GABRIEL,505714,Gabriel India Ltd-$,CORPORATE_ACTION,Recommendation of final dividend for FY 2025-26,2026-05-28,BSE_PIPELINE,2026-05-28T06:34:21.574840+05:30
,520123,ABC India Ltd-$,CORPORATE_ACTION,Recommended Dividend of 5% (Re. 0.50/- per share) on the paid-up value of Rs. 10/-,2026-05-28,BSE_PIPELINE,2026-05-28T06:34:21.574840+05:30
MARATHON,503101,Marathon Nextgen Realty Ltd,CORPORATE_ACTION,Board approves dividend of Re. 1 per share subject to shareholders approval,2026-05-28,BSE_PIPELINE,2026-05-28T06:34:21.574840+05:30
BAJEL,544042,Bajel Projects Ltd,CORPORATE_ACTION,Corporate Action - Record Date intimation for Dividend,2026-05-28,BSE_PIPELINE,2026-05-28T06:34:21.574840+05:30
BAJEL,544042,Bajel Projects Ltd,CORPORATE_ACTION,Corporate Action-Board to Consider Dividend,2026-05-28,BSE_PIPELINE,2026-05-28T06:34:21.574840+05:30
SUPRIYA,543434,Supriya Lifescience Ltd,CORPORATE_ACTION,Enclosed herewith announcement pertaining to Dividend declared by the Company at its Board Meeting,2026-05-28,BSE_PIPELINE,2026-05-28T06:34:21.574840+05:30
BESTAGRO,539660,Best Agrolife Ltd,CORPORATE_ACTION,Board Approves Dividend of Rs 0.10/- (10%),2026-05-28,BSE_PIPELINE,2026-05-28T06:34:21.574840+05:30
,531859,Oriental Rail Infrastructure Ltd,CORPORATE_ACTION,Board pleased to recommend dividend @ 10%,2026-05-28,BSE_PIPELINE,2026-05-28T06:34:21.574840+05:30
ELGIEQUIP,522074,Elgi Equipments Ltd,CORPORATE_ACTION,Record Date for final dividend,2026-05-28,BSE_PIPELINE,2026-05-28T06:34:21.574840+05:30
,502445,Citadel Realty and Developers Ltd,CORPORATE_ACTION,Board Declared Dividend @5% on Face Value,2026-05-28,BSE_PIPELINE,2026-05-28T06:34:21.574840+05:30
HIMATSEIDE,514043,Himatsingka Seide Ltd,RESULTS,"We hereby inform you that the Board at its meeting held today has recommended final dividend of Rs. 0.25 per equity share (5%) of face value Rs.5/- each for the Financial Year ended 2025-26, ....",2026-05-28,BSE_PIPELINE,2026-05-28T06:34:21.574840+05:30
ISGEC,533033,ISGEC Heavy Engineering Ltd,CORPORATE_ACTION,The Board of Directors recommended a dividend of Rs.6/- per equity share of Re.1/- each.,2026-05-28,BSE_PIPELINE,2026-05-28T06:34:21.574840+05:30
,513369,Krishanveer Forge Ltd,CORPORATE_ACTION,"Board in its meeting held on May 27, 2026 approves recommendation of Dividend for the year 2025-26 for the approval of members in ensuing Annual General Meeting.",2026-05-28,BSE_PIPELINE,2026-05-28T06:34:21.574840+05:30
SANOFICONR,544250,Sanofi Consumer Healthcare India Ltd,CORPORATE_ACTION,"The record date for payment of final dividend for FY 2025 is Friday, 19th June 2026",2026-05-28,BSE_PIPELINE,2026-05-28T06:34:21.574840+05:30
ELGIEQUIP,522074,Elgi Equipments Ltd,CORPORATE_ACTION,Intimation on final dividend,2026-05-28,BSE_PIPELINE,2026-05-28T06:34:21.574840+05:30
,539984,Hindusthan Insulators & Industries Ltd,CORPORATE_ACTION,Consideration and approval for proposal of issue of Bonus equity shares subject to the approval of members of the Company,2026-05-28,BSE_PIPELINE,2026-05-28T06:34:21.574840+05:30
,539984,Hindusthan Insulators & Industries Ltd,CORPORATE_ACTION,Fixation of Record Date for final dividend for FY 2025-26,2026-05-28,BSE_PIPELINE,2026-05-28T06:34:21.574840+05:30
RELIANCE,500325,Reliance Industries Ltd,RESULTS,Record date for determining members eligible to receive dividend for the financial year 2025-26.,2026-05-28,BSE_PIPELINE,2026-05-28T06:34:21.574840+05:30
,524818,Dynamic Industries Ltd-$,CORPORATE_ACTION,Recommendation of Final Dividend  of Rs. 1 per share  for the f.y March 2026 on equtity shares of Rs. 10/- each subject to approval of Members at enusuring AGM,2026-05-28,BSE_PIPELINE,2026-05-28T06:34:21.574840+05:30
,539984,Hindusthan Insulators & Industries Ltd,CORPORATE_ACTION,"Outcome of Board meeting for consideration and recommendation of final dividend for the FY 2025-26, subject to the approval of members at the ensuing Annual General Meeting.",2026-05-28,BSE_PIPELINE,2026-05-28T06:34:21.574840+05:30
,500166,Goodricke Group Ltd,CORPORATE_ACTION,Recommended Dividend of Rs. 2 per equity share of Rs. 10 each (i.e. 20%),2026-05-28,BSE_PIPELINE,2026-05-28T06:34:21.574840+05:30
MUNJALAU,520059,Munjal Auto Industries Ltd,CORPORATE_ACTION,Recommendation of Final Dividend at the rate of 50% Rs. 1 per Equity share subject to approval of shareholders,2026-05-28,BSE_PIPELINE,2026-05-28T06:34:21.574840+05:30
WSTCSTPAPR,500444,West Coast Paper Mills Ltd,CORPORATE_ACTION,Board Recommended Dividend,2026-05-28,BSE_PIPELINE,2026-05-28T06:34:21.574840+05:30
,538882,Emerald Finance Ltd,CORPORATE_ACTION,Board recommended Final Dividend of Rs. 0.10 per share in its meeting held on 27.05.2026,2026-05-28,BSE_PIPELINE,2026-05-28T06:34:21.574840+05:30
SHIVALIK,539148,Shivalik Rasayan Ltd,RESULTS,We hereby inform that the Board of Directors of the Company recommended a final dividend @ 10% on Equity Shares of Rs. 5/- each i.e. 50 paise per share for the financial year 2025-26 subject ....,2026-05-28,BSE_PIPELINE,2026-05-28T06:34:21.574840+05:30
KAMDHENU,532741,Kamdhenu Ltd,CORPORATE_ACTION,Board of Directors in their meeting held on 27.05.2026 have recommended a Dividend @40% on Equity share having face value of Re.1 each(i.e. Re. 0.40 per share),2026-05-28,BSE_PIPELINE,2026-05-28T06:34:21.574840+05:30
VARROC,541578,Varroc Engineering Ltd,CORPORATE_ACTION,Record Date Dividend,2026-05-28,BSE_PIPELINE,2026-05-28T06:34:21.574840+05:30
VARROC,541578,Varroc Engineering Ltd,CORPORATE_ACTION,Dividend Payment,2026-05-28,BSE_PIPELINE,2026-05-28T06:34:21.574840+05:30
ALPHAGEO,526397,Alphageo (India) Ltd-$,CORPORATE_ACTION,"Board Recommended a dividend of Rs. 5/- per share of Rs.10 each for the year ended 31st March 2026, subject to approval of shareholders at the ensuing annual general meeting",2026-05-28,BSE_PIPELINE,2026-05-28T06:34:21.574840+05:30
,509470,Bombay Oxygen Investments Ltd,CORPORATE_ACTION,Intimation of Record Date for the purpose of Final Dividend and upcoming AGM,2026-05-28,BSE_PIPELINE,2026-05-28T06:34:21.574840+05:30
,544444,Glen Industries Ltd,RESULTS,Board Meeting Outcome for Board Meeting Outcome For Consolidated And Standalone Unaudited Financial Results For The Half Year and financial year ended 31.03.2026,2026-05-28,BSE_PIPELINE,2026-05-28T06:34:21.574840+05:30
,540026,Ladam Affordable Housing Ltd,RESULTS,1. Approval of Audited Financial Results (Standalone & Consolidated) of the Company along with the Audited Auditor Report issued by Chartered Accountant for the quarter and financial year ....,2026-05-28,BSE_PIPELINE,2026-05-28T06:34:21.574840+05:30
,540359,Parmax Pharma Ltd,RESULTS,"Parmax Pharma Ltdhas informed BSE that the meeting of the Board of Directors of the Company is scheduled on 30/05/2026 ,inter alia, to consider and approve audited financial results of ....",2026-05-28,BSE_PIPELINE,2026-05-28T06:34:21.574840+05:30
GMRAIRPORT,532754,GMR Airports Ltd,RESULTS,Annual Audited Financial Results for FY 2025-26,2026-05-28,BSE_PIPELINE,2026-05-28T06:34:21.574840+05:30
QUADFUTURE,544336,Quadrant Future Tek Ltd,RESULTS,Audited Financial results for the Quarter and Financial Year ended 31st March 2026,2026-05-28,BSE_PIPELINE,2026-05-28T06:34:21.574840+05:30
LOYALTEX,514036,Loyal Textile Mills Ltd-$,RESULTS,"The Board of Directors of the Company, at their meeting held today, have inter alia approved the audited Standalone and Consolidated Financial Results of the company for the quarter and ....",2026-05-28,BSE_PIPELINE,2026-05-28T06:34:21.574840+05:30
,516106,Shree Karthik Papers Ltd,RESULTS,The Board of Directors approved the audited financial results for the quarter and year ended 31/03/26 along with Auditors Independent Report,2026-05-28,BSE_PIPELINE,2026-05-28T06:34:21.574840+05:30
,544747,Emiac Technologies Ltd,RESULTS,Outcome for Board Meeting Held On 27th May 2026 For Adopting Standalone Financial Results and approving the Appointment Of Additional (Non Executive Independent) Director.,2026-05-28,BSE_PIPELINE,2026-05-28T06:34:21.574840+05:30
,544468,B. D. Industries (Pune) Ltd,RESULTS,"Audited Standalone and Consolidated Financial Results of the Company for the half year and financial year ended March 31, 2026",2026-05-28,BSE_PIPELINE,2026-05-28T06:34:21.574840+05:30
,512091,Global Defence Industries Ltd,RESULTS,"Outcome of Board Meeting held on May 27, 2026 - Audited Financial Results (Standalone and Consolidated) for the Quarter and Year ended March 31, 2026",2026-05-28,BSE_PIPELINE,2026-05-28T06:34:21.574840+05:30
,538597,TTI Enterprise Ltd,RESULTS,"1. Approved Audited Financial Results (Standalone) for the quarter and financial year
ended on March 31, 2026 and took note of Statutory Auditors' Report issued by M/s.
Mark & Co. Chartered ....",2026-05-28,BSE_PIPELINE,2026-05-28T06:34:21.574840+05:30
,544056,Sahara Maritime Ltd,RESULTS,"1. Auditor's Report issued by the Statutory Auditor of the Company.
2. Statement showing the Standalone Audited Financial Results of the Company for the half year and year ended 31st March, ....",2026-05-28,BSE_PIPELINE,2026-05-28T06:34:21.574840+05:30
SANDHAR,541163,Sandhar Tech,RESULTS,"Investor Call Transcript of the Call held on 25th May, 2026 for Financial Results for Q4 and FY 2025-2026",2026-05-28,BSE_LIVE_POLLER,2026-05-28T15:43:47.855223+05:30
POKARNA,532486,Pokarna,RESULTS,Audited Financial Results for the Quarter and Financial Year ended 31st March 2026.,2026-05-28,BSE_LIVE_POLLER,2026-05-28T15:53:00.283131+05:30
LUPIN,500257,Lupin,MA_EVENT,"Update on acquisition of minority shareholding in Multicare Pharmaceuticals Philippines, Inc.",2026-05-29,BSE_LIVE_POLLER,2026-05-29T15:59:27.686553+05:30
PREMEXPLN,526247,Prem. Explosives,RESULTS,"Audited Financial Results for the quarter and year ended March 31, 2026",2026-05-29,BSE_LIVE_POLLER,2026-05-29T16:14:51.582811+05:30
IZMO,532341,IZMO,RESULTS,Extract of News Paper publication on Financial Results for the Quarter IV and Financial Year ended 31.03.2026,2026-05-29,BSE_LIVE_POLLER,2026-05-29T16:27:45.058453+05:30
KPIL,522287,Kalpataru Proj.,ORDER_WIN,Press Release - KPIL AWARDED NEW ORDERS OF RS. 2002 CRORES,2026-06-01,BSE_LIVE_POLLER,2026-06-01T08:47:26.593069+05:30
BALUFORGE,531112,Balu Forge,ORDER_WIN,Please find enclosed Press Release regarding securing of major Order for 152mm Artillery Shells in the Defence Sector.,2026-06-01,BSE_LIVE_POLLER,2026-06-01T09:03:41.619110+05:30
LICI,543526,Life Insurance,CORPORATE_ACTION,This is to inform about the Allotment of Bonus Equity Shares by the Corporation.,2026-06-01,BSE_LIVE_POLLER,2026-06-01T10:38:25.306336+05:30
HYUNDAI,544274,Hyundai Motor I,MATERIAL_ANNOUNCEMENT,Fire Incident at supplier i.e. Mobis India Limited,2026-06-01,BSE_LIVE_POLLER,2026-06-01T10:51:45.852316+05:30
PETRONET,532522,Petronet LNG,CORPORATE_ACTION,"Record date for final dividend for FY 2025-26 is fixed as Friday, 12th June 2026.",2026-06-01,BSE_LIVE_POLLER,2026-06-01T11:57:37.500142+05:30
AGARWALEYE,544350,Dr Agarwal's Hea,ORDER_WIN,"Notice convening meeting of the Equity Shareholders of the Company pursuant to the Order of Honble NCLT, Chennai Bench, is attached.",2026-06-01,BSE_LIVE_POLLER,2026-06-01T12:15:16.384655+05:30
AGARWALEYE,544350,Dr Agarwal's Hea,ORDER_WIN,"Notice convening the meeting of the Secured Creditors of the Company pursuant to the Order of Honble NCLT, Chennai Bench",2026-06-01,BSE_LIVE_POLLER,2026-06-01T12:21:22.680022+05:30
AGARWALEYE,544350,Dr Agarwal's Hea,ORDER_WIN,"Notice convening meeting of the Unsecured Creditors of the Company pursuant to the Order of Honble NCLT, Chennai Bench",2026-06-01,BSE_LIVE_POLLER,2026-06-01T12:26:30.636043+05:30
MAHABANK,532525,Bank of Maha,CORPORATE_ACTION,"Record date for dividend is fixed as 5th June, 2026",2026-06-01,BSE_LIVE_POLLER,2026-06-01T12:50:03.676505+05:30
SIGNPOST,544117,Signpost India,RESULTS,"Audited Standalone and Consolidated Financial Results for the quarter and year ended March 31, 2026",2026-06-01,BSE_LIVE_POLLER,2026-06-01T12:56:12.129859+05:30
RPEL,539837,Raghav Product.,CORPORATE_ACTION,Please fins attached record date for dividend,2026-06-01,BSE_LIVE_POLLER,2026-06-01T14:39:34.503752+05:30
SEAMECLTD,526807,SEAMEC Ltd,ORDER_WIN,"Intimation of Execution of Contract of ""SAMUDRA PRABHA""",2026-06-01,BSE_LIVE_POLLER,2026-06-01T14:49:54.768789+05:30
OLECTRA,532439,Olectra Greentec,RESULTS,"Investor Presentation to be made to the analyst/investor on audited financial results of the company for the year ended March 31, 2026",2026-06-01,BSE_LIVE_POLLER,2026-06-01T15:56:42.259960+05:30
TATAELXSI,500408,Tata Elxsi,CORPORATE_ACTION,Please find enclosed intimation of the date of the 37th Annual General Meeting and Record Date for payment of Dividend.,2026-06-01,BSE_LIVE_POLLER,2026-06-01T16:03:53.206541+05:30
TATAELXSI,500408,Tata Elxsi,RESULTS,Please find enclosed intimation of the Record Date for the payment of Dividend on equity shares for the financial year 2025-26,2026-06-01,BSE_LIVE_POLLER,2026-06-01T16:11:05.482620+05:30
ADVAIT,543230,Advait Energy,RESULTS,"Audio Recording of Post Results Conference call on Audited Financial Results (Standalone and Consolidated) for the quarter and financial year ended on March 31, 2026",2026-06-01,BSE_LIVE_POLLER,2026-06-01T16:22:27.477093+05:30
TATAELXSI,500408,Tata Elxsi,RESULTS,"Please find enclosed Notice of the 37th Annual General Meeting to be held on June 24, 2026 at 10:30 a.m. (IST) along with Integrated Annual Report for financial year 2025-26.",2026-06-01,BSE_LIVE_POLLER,2026-06-01T16:26:37.130494+05:30
PARAS,543367,Paras Defence,ORDER_WIN,We are pleased to inform that PARAS has received an order from Bharat Electronics Limited valued at approximately Rs. 52.82 Cr. (Incl. of Taxes) for supply of Electro-Optics.,2026-06-02,BSE_LIVE_POLLER,2026-06-02T11:23:34.324466+05:30
ICICIBANK,532174,ICICI Bank,MATERIAL_ANNOUNCEMENT,"Allotment of 311,170 equity shares at FV Rs. 2 each under ICICI Bank Employees Stock Option Scheme 2000.",2026-06-02,BSE_LIVE_POLLER,2026-06-02T11:23:34.324466+05:30
MANINDS,513269,Man Industries,MATERIAL_ANNOUNCEMENT,"We wish to inform you that CRISIL Ratings Limited has upgraded the Long-Term Ratings of the Company on June 1, 2026.",2026-06-02,BSE_LIVE_POLLER,2026-06-02T11:40:30.286155+05:30
DEEDEV,544198,DEE Development,MATERIAL_ANNOUNCEMENT,Board considered and approved issuance of equity shares of the Company on a preferential issue basis.,2026-06-03,BSE_LIVE_POLLER,2026-06-03T10:03:19.926833+05:30
NOVARTIND,500672,Novartis India,MATERIAL_ANNOUNCEMENT,"Axis Capital Ltd (""Manager to the Open Offer"") has submitted to BSE a copy of Letter of Offer to the public shareholders of Novartis India Ltd (""Target Company"").",2026-06-03,BSE_LIVE_POLLER,2026-06-03T10:19:00.913974+05:30
INDUSINDBK,532187,IndusInd Bank,MATERIAL_ANNOUNCEMENT,"The Exchange has sought clarification from Indusind Bank Ltd on June 03, 2026, with reference to news appeared in https://www.moneycontrol.com dated June 03, 2026 quoting ""IndusInd Bank ....",2026-06-03,BSE_LIVE_POLLER,2026-06-03T11:28:14.997924+05:30
TCS,532540,TCS,MATERIAL_ANNOUNCEMENT,Press Release - TCS expands partnership with Euroclear to modernize Sweden''s central securities depository,2026-06-03,BSE_LIVE_POLLER,2026-06-03T11:31:22.567115+05:30
YESBANK,532648,Yes Bank,MATERIAL_ANNOUNCEMENT,YES Bank Limited has informed the Exchange about Schedule of Analyst/ Institutional Investors Meet(s) / Call(s) / VC(s) - Outcome of Axis Capital''s Rising Stars Conference - 2026,2026-06-03,BSE_LIVE_POLLER,2026-06-03T11:44:57.914645+05:30
THERMAX,500411,Thermax,MA_EVENT,"Thermax Limited has informed the exchanges that the Hon''ble National Company Law Tribunal, Mumbai Bench has approved the Scheme of Merger by Absorption of Buildtech Products India Private ....",2026-06-03,BSE_LIVE_POLLER,2026-06-03T12:14:45.083722+05:30
CMSINFO,543441,CMS Info Systems,CORPORATE_ACTION,"Please find enclosed herewith the Clarificatory letter from Mr. Rajiv Kaul, Exec VC & CEO - Intention to participate in the ongoing Buyback",2026-06-03,BSE_LIVE_POLLER,2026-06-03T12:41:42.928800+05:30
CAPACITE,540710,Capacit'e Infra.,MATERIAL_ANNOUNCEMENT,Receipt of Letter of intent of Rs.589 crores from Ten X Realty East Limited (A subsidiary of Raymond Realty Limited),2026-06-03,BSE_LIVE_POLLER,2026-06-03T12:41:42.928800+05:30
REFEX,532884,Refex Industries,ORDER_WIN,"Order of Joint Commissioner (Appeals), Central GST (Appeals), Raipur, Chhattisgarh (""Appellate Authority"") Quashing of GST Demand of Rs.35,29,002/- for FY 2021-22",2026-06-03,BSE_LIVE_POLLER,2026-06-03T12:52:19.172438+05:30
MARKSANS,524404,Marksans Pharma,RESULTS,Marksans Pharma Limited submits Transcripts of Investors/Analyst meet on Q4 FY 26 Audited Financial Results,2026-06-03,BSE_LIVE_POLLER,2026-06-03T14:23:54.766851+05:30
SCHNEIDER,534139,Schneider Elect.,ORDER_WIN,"Update on intimation under regulation 30 w.r.t. rectification of Order, received from Joint Commissioner, Vadodara, CBIC, enclosed herewith.",2026-06-03,BSE_LIVE_POLLER,2026-06-03T14:52:17.553358+05:30
LAOPALA,526947,La Opala RG,MA_EVENT,"Please find enclosed herewith disclosure submitted by one of our Promoter (M/s Genesis Exports Private Limited) under Reg 7(2) of the SEBI (PIT) Regulations, 2015 for acquisition of 60,000 ....",2026-06-03,BSE_LIVE_POLLER,2026-06-03T14:56:31.332600+05:30
RBLBANK,540065,RBL Bank,MATERIAL_ANNOUNCEMENT,RBL Bank Limited informs the exchange about Investor Meet.,2026-06-03,BSE_LIVE_POLLER,2026-06-03T15:14:19.668092+05:30
SANDUMA,504918,Sandur Manganese,MATERIAL_ANNOUNCEMENT,Revision in Rating Outlook by Crisil Ratings from ''Crisl A+/Stable'' to ''Crisil A+/Positive'',2026-06-03,BSE_LIVE_POLLER,2026-06-03T15:27:53.386303+05:30
COFORGE,532541,Coforge,MA_EVENT,Allotment of Share pursuant to Scheme of Amalgamation,2026-06-04,BSE_LIVE_POLLER,2026-06-04T07:31:00.363081+05:30
ALKYLAMINE,506767,Alkyl Amines,ORDER_WIN,<b>Format of Initial Disclosure to be made by an entity identified as a Large Corporate.</b><br/><br/> <table border=''1px''><tr> <td><b>Sr. No.</b></td> <td><b>Particulars</b></td> <td><b>Details</b>,2026-06-04,BSE_LIVE_POLLER,2026-06-04T07:32:03.979435+05:30
JYOTHYLAB,532926,Jyothy Labs,CORPORATE_ACTION,"Notice is hereby given that a meeting of the Board of Directors of Jyothy Labs Limited is scheduled to be held on Monday, May 4, 2026 to consider recommendation of Dividend, if any, on ....",2026-06-04,BSE_LIVE_POLLER,2026-06-04T07:32:03.979435+05:30
RBLBANK,540065,RBL Bank,MA_EVENT,"J.P. Morgan India Pvt Ltd (""Manager to the Open Offer"") has infomed BSE regarding the updates on Open offer for acquisition of up to 415,586,443 equity shares of Rs. 10 each ('Equity Shares') ....",2026-06-04,BSE_LIVE_POLLER,2026-06-04T08:12:15.570045+05:30
DEEDEV,544198,DEE Development,MATERIAL_ANNOUNCEMENT,Company considered & Proposed to issue Equity Shares through Preferential issue.,2026-06-04,BSE_LIVE_POLLER,2026-06-04T08:19:29.678593+05:30
ANANDRATHI,543415,Anand Rathi Wea.,CORPORATE_ACTION,Intimation of Allotment of Bonus Equity Shares,2026-06-04,BSE_LIVE_POLLER,2026-06-04T09:31:53.592205+05:30
TATASTEEL,500470,Tata Steel,MATERIAL_ANNOUNCEMENT,Physical letter to shareholders and debenture holders of Tata Steel Limited,2026-06-04,BSE_LIVE_POLLER,2026-06-04T10:29:02.828674+05:30
SOUTHWEST,543986,South West Pinn.,MA_EVENT,Empanelment by Oil India Limited for Seismic Data Acquisition Services,2026-06-04,BSE_LIVE_POLLER,2026-06-04T10:43:42.590448+05:30
GANESHCP,544528,Ganesh Consumer,MA_EVENT,"Disclosure of Acquisition of Securities under Regulation 7(2) of Securities and Exchange Board of India (Prohibition of Insider Trading) Regulations,2015",2026-06-04,BSE_LIVE_POLLER,2026-06-04T10:55:52.541425+05:30
ROLEXRINGS,543325,Rolex Rings,CORPORATE_ACTION,Public Announcement - Buyback of Shares,2026-06-04,BSE_LIVE_POLLER,2026-06-04T11:26:36.019917+05:30
TCS,532540,TCS,MATERIAL_ANNOUNCEMENT,Press Release - Nokian Tyres advances IT transformation with AI-led modernization in collaboration with TCS,2026-06-04,BSE_LIVE_POLLER,2026-06-04T11:33:16.815975+05:30
CELLO,544012,Cello World,CORPORATE_ACTION,Record date for final dividend for the FY 2025-2026,2026-06-04,BSE_LIVE_POLLER,2026-06-04T12:22:00.008270+05:30
PERSISTENT,533179,Persistent Systems,MATERIAL_ANNOUNCEMENT,The Press release titled ''Persistent Strengthens Enterprise AI Engineering Talent Pipeline Through Collaboration with Databricks and Milwaukee School of Engineering'' is as enclosed.,2026-06-04,BSE_LIVE_POLLER,2026-06-04T12:34:13.742111+05:30
VISHNU,516072,Vishnu Chemicals,RESULTS,Investor Presentation on Q4 & FY 26 Financial Results is enclosed.,2026-06-04,BSE_LIVE_POLLER,2026-06-04T12:57:45.537949+05:30
SOUTHWEST,543986,South West Pinn.,ORDER_WIN,Announcement for receipt of Letter of Award/Work Orders,2026-06-04,BSE_LIVE_POLLER,2026-06-04T13:25:35.102964+05:30
DIVISLAB,532488,Divi's Lab.,CORPORATE_ACTION,Copies of Newspaper Publication - Notice to the shareholders regarding transfer of unclaimed dividends and equity shares to IEPF,2026-06-04,BSE_LIVE_POLLER,2026-06-04T15:02:50.881083+05:30
BHARATFORG,500493,Bharat Forge,CORPORATE_ACTION,Intimation of Record Date for Final Dividend,2026-06-04,BSE_LIVE_POLLER,2026-06-04T15:14:23.013991+05:30
OLECTRA,532439,Olectra Greentec,RESULTS,"Olectra Greentech Limited has informed the exchange about Transcript of the Investor call held on 01st June, 2026 on Audited Financial Results for the year ended 31st March, 2026",2026-06-05,BSE_LIVE_POLLER,2026-06-05T11:04:49.567397+05:30
VIKRAN,544496,Vikran Engg.,MATERIAL_ANNOUNCEMENT,"Allotment of 20 (Twenty) Secured, unlisted, Redeemable, Non Convertible Debentures of the face value of INR 50,00,000/- (Indian Rupees Fifty Lakhs Only) each and aggregating to INR 10,00,00,000/-(Indi",2026-06-05,BSE_LIVE_POLLER,2026-06-05T11:05:53.870263+05:30
SARLAPOLY,526885,Sarla Performanc,CORPORATE_ACTION,Post Buyback Public Announcement,2026-06-05,BSE_LIVE_POLLER,2026-06-05T11:44:21.902565+05:30
ICICIBANK,532174,ICICI Bank,MATERIAL_ANNOUNCEMENT,Allotment of 1210306 equity shares at FV Rs. 2 each under ICICI Bank Employees Stock Unit Scheme 2022.,2026-06-05,BSE_LIVE_POLLER,2026-06-05T11:45:26.155183+05:30
ASIANENE,530355,Asian Energy,MA_EVENT,Empanelment by Oil India Limited for Seismic Data Acquisition Services,2026-06-05,BSE_LIVE_POLLER,2026-06-05T12:09:13.405012+05:30
GPIL,532734,Godawari Power,MA_EVENT,"Intimation regarding further investment/Acquisition in Godawari New Energy Private limited, a Wholly Owned Subsidiary.",2026-06-05,BSE_LIVE_POLLER,2026-06-05T12:20:41.061371+05:30
RADICO,532497,Radico Khaitan,MA_EVENT,Update on Scheme of Amalgamation between Radico Khaitan Limited and its Wholly Owned Subsidiary and Wholly Owned Step-Down Subsidiaries.,2026-06-05,BSE_LIVE_POLLER,2026-06-05T15:37:14.300379+05:30
TATASTEEL,500470,Tata Steel,REGULATORY_APPROVAL,"The Exchange has sought clarification from Tata Steel Ltd on June 5, 2026, with reference to news appeared in https://www.business-standard.com dated June 5, 2026 quoting ""Fire causes substantial ....",2026-06-05,BSE_LIVE_POLLER,2026-06-05T15:41:19.337202+05:30
PDMJEPAPER,539785,Pudumjee Paper,MATERIAL_ANNOUNCEMENT,Intimation of Credit Rating,2026-06-05,BSE_LIVE_POLLER,2026-06-05T15:56:39.496087+05:30
SUNTECK,512179,Sunteck Realty,MATERIAL_ANNOUNCEMENT,Intimation of Credit Rating,2026-06-05,BSE_LIVE_POLLER,2026-06-05T15:58:42.566606+05:30
RBLBANK,540065,RBL Bank,MATERIAL_ANNOUNCEMENT,RBL Bank Limited informs the exchange about Grant of ESOPs.,2026-06-05,BSE_LIVE_POLLER,2026-06-05T16:03:48.127656+05:30
DCBBANK,532772,DCB Bank,CORPORATE_ACTION,"This is further to our letter dated April 24, 2026 wherein the Bank had informed, inter alia, regarding recommendation of a dividend of Rs.1.45 (Rupee One and Paise Forty-Five only) per ....",2026-06-05,BSE_LIVE_POLLER,2026-06-05T16:11:00.387784+05:30
WIPRO,507685,Wipro,CORPORATE_ACTION,"Further to our letter dated May 25, 2026, we are enclosing herewith copy of the Letter of Offer and Tender Form in relation to the Buyback. The Letter of Offer and Tender Form will also ....",2026-06-09,BSE_LIVE_POLLER,2026-06-09T07:30:09.050316+05:30
POLYCAB,542652,Polycab India,CORPORATE_ACTION,Please find enclosed herewith Book closure and record date intimation for the purpose of dividend,2026-06-09,BSE_LIVE_POLLER,2026-06-09T07:30:09.050316+05:30
WABAG,533269,Va Tech Wabag,ORDER_WIN,"WABAG Consortium secures a ""Large"" Order towards Ajman Sewage Biorefinery Plant, Strengthening GCC Presence.",2026-06-09,BSE_LIVE_POLLER,2026-06-09T08:28:39.879180+05:30
BLISSGVS,506197,Bliss GVS Pharma,MATERIAL_ANNOUNCEMENT,"SBI Capital Markets Ltd (""Manager to the Open Offer"") has submitted to BSE a copy of Draft Letter of Offer to the Public Shareholders of Bliss GVS Pharma Ltd (""Target Company"").",2026-06-09,BSE_LIVE_POLLER,2026-06-09T10:19:43.567014+05:30
ICICIBANK,532174,ICICI Bank,MATERIAL_ANNOUNCEMENT,"Allotment of 167,403 equity shares at FV Rs. 2 each under ICICI Bank Employees Stock Option Scheme 2000",2026-06-09,BSE_LIVE_POLLER,2026-06-09T10:32:07.435212+05:30
VINDHYATEL,517015,Vindhya Telelink,CORPORATE_ACTION,Newspaper Advertisement(s)- Notice regarding  Compulsory transfer of Unpaid/ Unclaimed Dividend and Equity Shares of the Company to IEPF.,2026-06-09,BSE_LIVE_POLLER,2026-06-09T10:58:54.767759+05:30
AVTNPL,519105,AVT Natural Prod,CORPORATE_ACTION,Record Date for Final Dividend,2026-06-09,BSE_LIVE_POLLER,2026-06-09T11:11:13.343687+05:30
INTERARCH,544232,Interarch Build.,ORDER_WIN,"Intimation under Regulation 30 of the SEBI(LODR) Regulations,2015 regarding receipt of an order",2026-06-09,BSE_LIVE_POLLER,2026-06-09T11:12:14.453343+05:30
TMPV,500570,Tata Motors PVeh,CORPORATE_ACTION,We are enclosing herewith a disclosure regarding Communication to Shareholders - Intimation on Tax Deduction on Dividend.,2026-06-09,BSE_LIVE_POLLER,2026-06-09T11:16:22.301015+05:30
GRAPHITE,509488,Graphite India,CORPORATE_ACTION,Record date for Payment of Dividend,2026-06-09,BSE_LIVE_POLLER,2026-06-09T11:25:34.109941+05:30
20MICRONS,533022,20 Microns,CORPORATE_ACTION,we are enclosing herewith an intimation regarding communication to Shareholders - Intimation on Tax Deduction on Dividend,2026-06-09,BSE_LIVE_POLLER,2026-06-09T11:59:19.903210+05:30
SAMMAANCAP,535789,Sammaan Capital,MATERIAL_ANNOUNCEMENT,"We hereby certify that our Company has made timely payment of interest amount on Secured Redeemable NCDs issued by our Company through Private Placement basis and listed on the Stock Exchanges.

Ref",2026-06-09,BSE_LIVE_POLLER,2026-06-09T12:39:18.000789+05:30
ADANIENSOL,539254,Adani Energy Sol,MA_EVENT,Signing the Securities Purchase and Subscription Agreement for Acquisition of 100% Equity Shares of Intellismart Infrastructure Private Limited,2026-06-09,BSE_LIVE_POLLER,2026-06-09T12:51:31.589249+05:30
VIKRAN,544496,Vikran Engg.,MATERIAL_ANNOUNCEMENT,"Disclosure of Allotment of Secured, Unlisted, Redeemable, Non- Convertible Debentures Aggregating to Rupees 20 Crores on Private Placement basis",2026-06-09,BSE_LIVE_POLLER,2026-06-09T13:07:53.441091+05:30
MUFIN,542774,Mufin Green,MATERIAL_ANNOUNCEMENT,Please find the attached intimation for allotment of Non Convertible Debenture,2026-06-09,BSE_LIVE_POLLER,2026-06-09T13:18:07.570517+05:30
BAJAJ-AUTO,532977,Bajaj Auto,ORDER_WIN,"Intimation under Regulation 30 - Favourable order from Commissioner (Appeals), Guwahati",2026-06-09,BSE_LIVE_POLLER,2026-06-09T13:26:34.074115+05:30
KNRCON,532942,KNR Construct.,ORDER_WIN,Intimation of receipt of order,2026-06-09,BSE_LIVE_POLLER,2026-06-09T13:57:30.393589+05:30
HYUNDAI,544274,Hyundai Motor I,MATERIAL_ANNOUNCEMENT,Fire Incident at supplier i.e. Mobis India Limited - Update,2026-06-10,BSE_LIVE_POLLER,2026-06-10T10:03:14.051389+05:30
BIRLACABLE,500060,Birla Cable,CORPORATE_ACTION,Newspaper Advertisement(s)- Notice regarding transfer of Unpaid/Unclaimed Dividend and Equity Shares of the Company to IEPF.,2026-06-10,BSE_LIVE_POLLER,2026-06-10T11:18:50.350909+05:30
MAITHANALL,590078,Maithan Alloys,MA_EVENT,Acquisition of Equity Shares through Stock Exchange.,2026-06-10,BSE_LIVE_POLLER,2026-06-10T12:22:30.785280+05:30
JTLIND,534600,JTL Industries,ORDER_WIN,Receipt of Order from Himachal Pradesh State Civil Supplies Corporation Limited,2026-06-10,BSE_LIVE_POLLER,2026-06-10T12:52:14.149513+05:30
GUJGASLTD,539336,Gujarat Gas,MATERIAL_ANNOUNCEMENT,"Rating Rationale published by Crisil Ratings Limited. Crisil Ratings has reaffirmed its ""CRISIL AAA/Stable"" rating on the long term bank facilities of the Company.",2026-06-10,BSE_LIVE_POLLER,2026-06-10T13:04:31.408301+05:30
JTLIND,534600,JTL Industries,ORDER_WIN,Receipt of order from Himachal Pradesh State Civil Supplies Corporation Limited,2026-06-10,BSE_LIVE_POLLER,2026-06-10T14:11:21.089836+05:30
PPL,542684,Prakash Pipes,MA_EVENT,Acquisition of 26% equity share capital of BECIS Solar 3 Private Limited,2026-06-10,BSE_LIVE_POLLER,2026-06-10T14:49:03.570991+05:30
ETERNAL,543320,Eternal,ORDER_WIN,"Eternal Limited has informed the exchange regarding order received from Deputy Commissioner (ST), State Special Circle-I, Andhra Pradesh.",2026-06-10,BSE_LIVE_POLLER,2026-06-10T16:08:20.999437+05:30
PETRONET,532522,Petronet LNG,MATERIAL_ANNOUNCEMENT,"Details of penalty paid to NSE and BSE for non-compliance with reg 17(1) of SEBI LODR Regulations, 2015 is attached herewith",2026-06-10,BSE_LIVE_POLLER,2026-06-10T16:25:51.554238+05:30
VBL,540180,Varun Beverages,CORPORATE_ACTION,Board of Directors at their meeting held today inter-alia approved Interim dividend for FY 2026.,2026-06-11,BSE_LIVE_POLLER,2026-06-11T08:05:16.936235+05:30
EMAMILTD,531162,Emami,MA_EVENT,Update on Acquisition of IncNut Digital Private Limited,2026-06-12,BSE_LIVE_POLLER,2026-06-12T13:20:14.988343+05:30
ESCORTS,500495,Escorts Kubota,CORPORATE_ACTION,"Intimation of Record Date for the Payment of Final Dividend, if declared in the ensuing AGM",2026-06-12,BSE_LIVE_POLLER,2026-06-12T13:28:39.533148+05:30
DYCL,540795,Dynamic Cables,MATERIAL_ANNOUNCEMENT,"Pursuant to SEBI (Listing Obligations & Disclosure Requirements) Regulations, 2015 , we wish to inform you that India Rating and Research Private Limited has withdrawn the credit rating ....",2026-06-12,BSE_LIVE_POLLER,2026-06-12T14:21:35.942176+05:30
ICICIGI,540716,ICICI Lombard,MATERIAL_ANNOUNCEMENT,"Disclosure under SEBI (Listing Obligation and Disclosure Requirements) Regulations, 2015 - Reaffirmation of the Issuer Rating by ICRA Limited",2026-06-12,BSE_LIVE_POLLER,2026-06-12T15:06:05.367728+05:30
ASIANENE,530355,Asian Energy,MATERIAL_ANNOUNCEMENT,"Proceedings of the Meeting of the Equity Shareholders held on June 12, 2026 at 11:00 A.M. (IST), as per the directions issued by the Hon''ble NCLT, Mumbai Bench.",2026-06-12,BSE_LIVE_POLLER,2026-06-12T15:31:26.832033+05:30
MWL,544764,Mangalam World.,MATERIAL_ANNOUNCEMENT,Credit Rating assigned by Acuite Rating and Research Limited,2026-06-12,BSE_LIVE_POLLER,2026-06-12T15:37:40.704193+05:30
VBL,540180,Varun Beverages,CORPORATE_ACTION,Record Date for Interim Dividend for FY 2026,2026-06-15,BSE_LIVE_POLLER,2026-06-15T12:25:31.161784+05:30
PERSISTENT,533179,Persistent Systems,MATERIAL_ANNOUNCEMENT,"The Press Release titled ''Persistent Announces Partnership with San Francisco Unicorns as Official RE(AI)MAGINING Partner'', is as enclosed.",2026-06-15,BSE_LIVE_POLLER,2026-06-15T12:35:32.492035+05:30
CUB,532210,City Union Bank,CORPORATE_ACTION,Allotment of Bonus Equity Shares,2026-06-15,BSE_LIVE_POLLER,2026-06-15T13:01:02.126706+05:30
WAAREEENER,544277,Waaree Energies,ORDER_WIN,Receipt of order,2026-06-15,BSE_LIVE_POLLER,2026-06-15T13:08:11.795370+05:30
BRIGADE,532929,Brigade Enterpr.,CORPORATE_ACTION,Allotment of Bonus Equity Shares and Issue of additional stock options for adjustment towards bonus issue,2026-06-18,BSE_LIVE_POLLER,2026-06-18T09:50:18.576722+05:30
BRIGADE,532929,Brigade Enterpr.,CORPORATE_ACTION,"Grant of 10,527 options under the Brigade Employee Stock Option Plan 2017 on adjustment for bonus issue",2026-06-18,BSE_LIVE_POLLER,2026-06-18T09:54:24.720018+05:30
BRIGADE,532929,Brigade Enterpr.,CORPORATE_ACTION,"Grant of 2,03,496 options under the Brigade Employee Stock Option Plan on adjustment for bonus issue",2026-06-18,BSE_LIVE_POLLER,2026-06-18T09:57:32.001991+05:30
RBLBANK,540065,RBL Bank,MATERIAL_ANNOUNCEMENT,RBL Bank Limited informs the exchange about allotment of equity shares by way of a preferential issue on a private placement basis to Emirates NBD Bank (P.J.S.C.) and reconstitution of the Board.,2026-06-18,BSE_LIVE_POLLER,2026-06-18T11:12:48.745202+05:30
WESTLIFE,505533,Westlife Food,CORPORATE_ACTION,Intimation of declaration of final dividend by the Company''s subsidiary i.e. Hardcastle Restaurants Private Limited.,2026-06-18,BSE_LIVE_POLLER,2026-06-18T11:42:47.293813+05:30
ZYDUSLIFE,532321,Zydus Lifesci.,CORPORATE_ACTION,Post Buyback Public Advertisement,2026-06-18,BSE_LIVE_POLLER,2026-06-18T11:57:52.320923+05:30
EQUITASBNK,543243,Equitas Sma. Fin,MATERIAL_ANNOUNCEMENT,"Equitas Small Finance Bank Limited has informed the Exchanges regarding Press release dated June 18, 2026",2026-06-18,BSE_LIVE_POLLER,2026-06-18T12:12:02.342129+05:30
ASTERDM,540975,Aster DM Health.,MATERIAL_ANNOUNCEMENT,"The Company has acquired 4,50,89,995 equity shares of Rs. 10/- each through rights issue in Aster DM Super-Specialty (Sarjapur) Private Limited",2026-06-18,BSE_LIVE_POLLER,2026-06-18T12:21:49.754781+05:30
ICICIBANK,532174,ICICI Bank,MATERIAL_ANNOUNCEMENT,"Allotment of 378,765 equity shares at FV Rs. 2 each under ICICI Bank Employee Stock Unit Scheme 2022.",2026-06-18,BSE_LIVE_POLLER,2026-06-18T12:22:58.344902+05:30
FLAIR,544030,Flair Writing,ORDER_WIN,"Press Release titled - ""Flair Writing Industries Limited secures fresh orders worth INR 200 million in its Creative and Steel Bottles & Houseware Division""",2026-06-22,BSE_LIVE_POLLER,2026-06-22T09:14:03.072735+05:30
NITINSPIN,532698,Nitin Spinners,MATERIAL_ANNOUNCEMENT,UPGRADATION OF CREDIT RATING BY CARE RATING LIMITED,2026-06-22,BSE_LIVE_POLLER,2026-06-22T12:04:06.173889+05:30
ICICIBANK,532174,ICICI Bank,MATERIAL_ANNOUNCEMENT,"Allotment of 4,05,660 equity shares of face value of Rs.2 each under the ICICI Bank Employees Stock Option Scheme 2000.",2026-06-22,BSE_LIVE_POLLER,2026-06-22T13:40:50.006314+05:30
ASIANENE,530355,Asian Energy,ORDER_WIN,"Press Release titled ""Asian Energy Bags Rs. 187.6 Crore Gujarat Power EPC Contract, Expands Beyond Coal India"".",2026-06-22,BSE_LIVE_POLLER,2026-06-22T14:03:50.088141+05:30
BAJAJ-AUTO,532977,Bajaj Auto,CORPORATE_ACTION,Shareholders Resolution for Buyback of Equity shares,2026-06-22,BSE_LIVE_POLLER,2026-06-22T14:23:41.817658+05:30
BAJAJ-AUTO,532977,Bajaj Auto,CORPORATE_ACTION,Public announcement for the Buyback of Equity Shares,2026-06-22,BSE_LIVE_POLLER,2026-06-22T15:33:20.748358+05:30
IKS,544309,Inventurus Knowl,MATERIAL_ANNOUNCEMENT,Enclosed is Press Release issued by CARE Ratings Limited in relation to Rating assigned to the Company.,2026-06-22,BSE_LIVE_POLLER,2026-06-22T15:52:12.781533+05:30
BALMLAWRIE,523319,Balmer Lawrie,MATERIAL_ANNOUNCEMENT,"Newspaper Publication in Bangla for Special Window and Second 100 days campaign ""Saksham Niveshak""",2026-06-22,BSE_LIVE_POLLER,2026-06-22T16:01:31.316743+05:30
BEL,500049,Bharat Electron,ORDER_WIN,BEL receives orders worth Rs.1081 Crore.,2026-06-22,BSE_LIVE_POLLER,2026-06-22T16:08:42.090686+05:30
BSOFT,532400,Birlasoft Ltd,CORPORATE_ACTION,"Record Date to determine the entitlement of the Members to receive final dividend, if approved at the ensuing Annual General Meeting, will be Friday, July 10, 2026.",2026-06-22,BSE_LIVE_POLLER,2026-06-22T16:29:15.837693+05:30
ZYDUSLIFE,532321,Zydus Lifesci.,MATERIAL_ANNOUNCEMENT,Joint Venture in Sri Lanka,2026-06-26,BSE_LIVE_POLLER,2026-06-26T07:56:01.637015+05:30
