ISIN,NSE_SYMBOL,NAME,TIER,SIGNALS_FIRED,COMPOSITE_BALANCED,SECTOR_PHASE,MARKET_STATE
INE457A01014,MAHABANK,BANK OF MAHA,STRONG,19.0,100,BASING,CAUTION
INE872H01027,LUMAXTECH,LUMAX AUTO TECH.,PRIME,21.0,99,BASING,CAUTION
INE506W01012,KRISHANA,KRISHANA PHOSCH.,PRIME,21.0,95,TOPPING,CAUTION
INE017A01032,GESHIP,GE SHIPPING CO,STRONG,22.0,94,TOPPING,CAUTION
INE384A01010,RANEHOLDIN,RANE HOLDINGS,PRIME,17.0,94,BASING,CAUTION
INE685A01028,TORNTPHARM,TORRENT PHARMA.,PRIME,20.0,92,MID_CYCLE,CAUTION
INE139A01034,NATIONALUM,NATL. ALUMINIUM,PRIME,21.0,92,MID_CYCLE,CAUTION
INE01IU01018,SKYGOLD,SKY GOLD & DIAM.,PRIME,21.0,92,BASING,CAUTION
INE343H01029,SOLARINDS,SOLAR INDUSTRIES,PRIME,19.0,91,MID_CYCLE,CAUTION
INE019C01026,HSCL,HIMADRI SPECIAL,PRIME,21.0,91,MID_CYCLE,CAUTION
INE818A01017,ANTELOPUS,ANTELOPUS SELAN,STRONG,15.0,91,LATE_CYCLE,CAUTION
INE267A01025,HINDZINC,HINDUSTAN ZINC,STRONG,20.0,90,MID_CYCLE,CAUTION
INE940H01022,PGIL,PEARL GLOBAL IND,STRONG,18.0,90,BASING,CAUTION
INE00U401027,UNIECOM,UNICOMMERCE,PRIME,15.0,90,BASING,CAUTION
INE598D01035,ALGOQUANT,ALGOQUANT FIN,WATCHLIST_CONFIRMED,13.0,89,BASING,CAUTION
INE456Z01021,MEDIASSIST,MEDI ASSIST SER.,WATCHLIST_CONFIRMED,11.0,88,BASING,CAUTION
INE353K01014,ITDC,I T D C,STRONG,13.0,88,BASING,CAUTION
INE115Q01022,IKS,INVENTURUS KNOWL,PRIME,16.0,88,BASING,CAUTION
INE127T01021,KPEL,K.P. ENERGY,STRONG,15.0,88,TOPPING,CAUTION
INE819V01029,CPPLUS,ADITYA INFOTECH,STRONG,18.0,87,TOPPING,CAUTION
INE0YD401026,JAINREC,JAIN RESOURCE,PRIME,17.0,87,MID_CYCLE,CAUTION
INE024001021,AEROFLEX,AEROFLEX,STRONG,20.0,86,TOPPING,CAUTION
INE0KGZ01021,SIGNPOST,SIGNPOST INDIA,PRIME,18.0,86,MID_CYCLE,CAUTION
INE510A01028,ENGINERSIN,ENGINEERS INDIA,STRONG,17.0,86,TOPPING,CAUTION
INE750C01026,MARKSANS,MARKSANS PHARMA,PRIME,18.0,86,MID_CYCLE,CAUTION
INE117A01022,ABB,A B B,PRIME,20.0,86,TOPPING,CAUTION
INE303R01014,KALYANKJIL,KALYAN JEWELLERS,PRIME,18.0,86,BASING,CAUTION
INE511Y01018,MMP,MMP INDUSTRIES,PRIME,19.0,85,MID_CYCLE,CAUTION
INE280A01028,TITAN,TITAN COMPANY,STRONG,20.0,85,BASING,CAUTION
INE0R6Z01013,SRM,SRM CONTRACTORS,STRONG,15.0,85,TOPPING,CAUTION
INE738I01010,ECLERX,ECLERX SERVICES,PRIME,17.0,85,BASING,CAUTION
INE949L01017,AUBANK,AU SMALL FINANCE,WATCHLIST_CONFIRMED,18.0,85,BASING,CAUTION
INE0D6I01023,KSOLVES,KSOLVES INDIA,PRIME,15.0,85,BASING,CAUTION
INE455K01017,POLYCAB,POLYCAB INDIA,STRONG,20.0,84,TOPPING,CAUTION
INE526E01018,SHRIPISTON,SHRIRAM PISTONS,STRONG,19.0,84,BASING,CAUTION
INE987B01026,NATCOPHARM,NATCO PHARMA,STRONG,19.0,84,MID_CYCLE,CAUTION
INE912T01018,RPEL,RAGHAV PRODUCT.,STRONG,18.0,84,TOPPING,CAUTION
INE040D01038,MAYURUNIQ,MAYUR UNIQUOTERS,PRIME,20.0,84,BASING,CAUTION
INE419D01026,CLSEL,CHAMANLAL SETIA,STRONG,14.0,84,TOPPING,CAUTION
INE118H01025,BSE,BSE,PRIME,20.0,84,BASING,CAUTION
INE417B01040,DSSL,DYNACONS SYS.,STRONG,17.0,84,BASING,CAUTION
INE263A01024,BEL,BHARAT ELECTRON,STRONG,21.0,84,TOPPING,CAUTION
INE372C01037,PRECWIRE,PREC. WIRES (I),STRONG,20.0,83,TOPPING,CAUTION
INE375Y01018,RELIABLE,RELIABLE DATA,STRONG,15.0,83,BASING,CAUTION
INE377N01017,WAAREEENER,WAAREE ENERGIES,STRONG,19.0,83,TOPPING,CAUTION
INE206F01022,AIIL,AUTHUM INVEST,WATCHLIST_CONFIRMED,11.0,83,BASING,CAUTION
INE0DUT01020,INNOVACAP,INNOVA CAPTAB,PRIME,18.0,83,MID_CYCLE,CAUTION
INE065X01017,INDGN,INDEGENE,STRONG,16.0,83,MID_CYCLE,CAUTION
INE196A01026,MARICO,MARICO,STRONG,18.0,82,TOPPING,CAUTION
INE0AG901020,CEIGALL,CEIGALL INDIA,STRONG,19.0,82,TOPPING,CAUTION
INE388Y01029,NYKAA,FSN E-COMMERCE,STRONG,20.0,82,BASING,CAUTION
INE08NE01025,SANSTAR,SANSTAR,STRONG,19.0,82,TOPPING,CAUTION
INE102B01014,CHOICEIN,CHOICE INTL.,STRONG,13.0,82,BASING,CAUTION
INE0Q5D01013,ACCENTMIC,ACCENT MICROCELL,STRONG,17.0,81,MID_CYCLE,CAUTION
INE742F01042,ADANIPORTS,ADANI PORTS,STRONG,20.0,81,BASING,CAUTION
INE839M01018,SCHNEIDER,SCHNEIDER ELECT.,STRONG,17.0,81,TOPPING,CAUTION
INE572A01036,JBCHEPHARM,J B CHEMICALS &,STRONG,19.0,81,MID_CYCLE,CAUTION
INE428V01029,NEPHROPLUS,NEPHROCARE HEALTH SERVICES,STRONG,18.0,81,MID_CYCLE,CAUTION
INE0TY101024,SOLARWORLD,SOLARWORLD ENE.,STRONG,14.0,81,TOPPING,CAUTION
INE050A01025,BBTC,THE BOMBAY BURMAH,STRONG,15.0,81,TOPPING,CAUTION
INE335Y01020,IRCTC,I R C T C,STRONG,12.0,81,BASING,CAUTION
INE542W01025,KPIGREEN,KPI GREEN ENERGY,STRONG,17.0,81,TOPPING,CAUTION
INE524A01029,GABRIEL,GABRIEL INDIA,STRONG,17.0,81,BASING,CAUTION
INE291W01037,GLOBAL,GLOBAL EDUCATION,STRONG,17.0,81,BASING,CAUTION
INE777K01022,RRKABEL,R R KABEL,STRONG,21.0,80,TOPPING,CAUTION
INE284S01014,SJS,SJS ENTERPRISES,STRONG,20.0,80,BASING,CAUTION
INE0DYJ01015,SYRMA,SYRMA SGS TECH.,STRONG,18.0,80,TOPPING,CAUTION
INE0LXT01019,REDTAPE,REDTAPE,PRIME,15.0,80,BASING,CAUTION
INE07OG01012,NDRAUTO,NDR AUTO COMPON.,STRONG,16.0,80,BASING,CAUTION
INE00VM01036,MANORAMA,MANORAMA INDUST.,STRONG,15.0,80,TOPPING,CAUTION
INE670K01029,LODHA,LODHA DEVELOPERS,STRONG,14.0,80,BASING,CAUTION
INE239C01020,STYLAMIND,STYLAM INDUSTRIE,STRONG,18.0,80,BASING,CAUTION
INE068L01024,CANTABIL,CANTABIL RETAIL,STRONG,13.0,80,BASING,CAUTION
INE0MB501011,JGCHEM,J.G.CHEMICALS,PRIME,16.0,80,MID_CYCLE,CAUTION
INE933S01016,INDIAMART,INDIAMART INTER.,STRONG,15.0,80,BASING,CAUTION
INE382Z01011,GRSE,GARDEN REACH SH.,STRONG,17.0,80,TOPPING,CAUTION
INE933K01021,BAJAJCON,BAJAJ CONSUMER,STRONG,18.0,79,BASING,CAUTION
INE0CLI01024,RATEGAIN,RATEGAIN TRAVEL,STRONG,17.0,79,BASING,CAUTION
INE249Z01020,MAZDOCK,MAZAGON DOCK,STRONG,13.0,79,TOPPING,CAUTION
INE686A01026,CEMPRO,CEMINDIA PROJECT,STRONG,15.0,79,TOPPING,CAUTION
INE153T01027,BLS,BLS INTERNAT.,WATCHLIST_CONFIRMED,12.0,79,BASING,CAUTION
INE192H01020,GRMOVER,GRM OVERSEAS,WATCHLIST_CONFIRMED,14.0,79,TOPPING,CAUTION
INE281B01032,LLOYDSME,LLOYDS METALS,STRONG,19.0,78,TOPPING,CAUTION
INE0JO301016,YATHARTH,YATHARTH HOSPIT.,STRONG,17.0,78,MID_CYCLE,CAUTION
INE405C01035,LINCOLN,LINCOLN PHARMA.,PRIME,20.0,78,MID_CYCLE,CAUTION
INE304A01026,MUKANDLTD,MUKAND,WATCHLIST_CONFIRMED,13.0,78,BASING,CAUTION
INE229H01012,NITINSPIN,NITIN SPINNERS,STRONG,18.0,78,BASING,CAUTION
INE202Z01029,TSFINV,TSF INVESTMENTS,WATCHLIST_CONFIRMED,11.0,78,BASING,CAUTION
INE044A01036,SUNPHARMA,SUN PHARMA.INDS.,PRIME,18.0,78,MID_CYCLE,CAUTION
INE475E01026,CAPLIPOINT,CAPLIN POINT LAB,PRIME,16.0,78,MID_CYCLE,CAUTION
INE16SF01016,BORANA,BORANA WEAVES,STRONG,15.0,78,BASING,CAUTION
INE463V01026,ANANDRATHI,ANAND RATHI WEA.,PRIME,19.0,78,BASING,CAUTION
INE084A01016,BANKINDIA,BANK OF INDIA,WATCHLIST_CONFIRMED,14.0,78,BASING,CAUTION
INE091G01026,JAIBALAJI,JAI BALAJI INDS.,WATCHLIST_CONFIRMED,9.0,78,BASING,CAUTION
INE0CJD01029,KMEW,KNOWLEDGE MARINE,STRONG,16.0,78,BASING,CAUTION
INE460C01014,GANESHHOU,GANESH HOUSING,STRONG,12.0,78,BASING,CAUTION
INE0P8B01020,GAUDIUMIVF,GAUDIUM IVF,STRONG,14.0,78,MID_CYCLE,CAUTION
INE0JVO01026,GARUDA,GARUDA CONS,STRONG,15.0,78,TOPPING,CAUTION
INE260B01028,GODFRYPHLP,GODFREY PHILLIPS,STRONG,14.0,78,MID_CYCLE,CAUTION
INE316L01019,BHARATWIRE,BHARAT WIRE,STRONG,19.0,77,TOPPING,CAUTION
INE298A01020,CUMMINSIND,CUMMINS INDIA,STRONG,18.0,77,TOPPING,CAUTION
INE291A01017,GRWRHITECH,GARWARE HI TECH,STRONG,20.0,77,TOPPING,CAUTION
INE048G01026,NAVINFLUOR,NAVIN FLUO.INTL.,STRONG,21.0,77,MID_CYCLE,CAUTION
INE854D01024,UNITDSPR,UNITED SPIRITS,WATCHLIST_CONFIRMED,13.0,77,TOPPING,CAUTION
INE299N01021,WAAREERTL,WAAREE RENEWAB.,STRONG,16.0,77,TOPPING,CAUTION
INE04VU01023,STYL,SESHAASAI TECH.,STRONG,14.0,77,BASING,CAUTION
INE187D01029,TALBROAUTO,TALBROS AUTO.,STRONG,16.0,77,BASING,CAUTION
INE586B01026,TAJGVK,TAJGVK HOTELS,STRONG,11.0,77,BASING,CAUTION
INE575P01011,STARHEALTH,STAR HEALTH INSU,WATCHLIST_CONFIRMED,13.0,77,BASING,CAUTION
INE699H01024,AWL,AWL AGRI BUSINE.,WATCHLIST_CONFIRMED,14.0,77,TOPPING,CAUTION
INE109C01017,ARMANFIN,ARMAN FINANCIAL,WATCHLIST_CONFIRMED,13.0,77,BASING,CAUTION
INE0QRL01017,ARKADE,ARKADE,STRONG,13.0,77,BASING,CAUTION
INE00M901018,INTERARCH,INTERARCH BUILD.,STRONG,14.0,77,TOPPING,CAUTION
INE0SII01026,QPOWER,QUALITY POWER EL,STRONG,18.0,76,TOPPING,CAUTION
INE270I01022,VISHNU,VISHNU CHEMICALS,STRONG,17.0,76,MID_CYCLE,CAUTION
INE583V01021,RADHIKAJWE,RADHIKA JEWELTEC,STRONG,14.0,76,BASING,CAUTION
INE08KJ01020,MUFIN,MUFIN GREEN,WATCHLIST_CONFIRMED,16.0,76,BASING,CAUTION
INE298J01013,NAM-INDIA,NIPPON LIFE IND.,PRIME,18.0,76,BASING,CAUTION
INE0NT901020,NETWEB,NETWEB TECHNOL.,STRONG,16.0,76,BASING,CAUTION
INE085J01014,THANGAMAYL,THANGAMAYIL JEW.,STRONG,19.0,76,BASING,CAUTION
INE133E01013,TI,TILAKNAGAR INDS.,WATCHLIST_CONFIRMED,13.0,76,TOPPING,CAUTION
INE540H01012,VOLTAMP,VOLT.TRANSFORM.,STRONG,18.0,76,TOPPING,CAUTION
INE14UN01029,VIDYAWIRES,VIDYA WIRES,STRONG,16.0,76,TOPPING,CAUTION
INE980Y01015,SOUTHWEST,SOUTH WEST PINN.,STRONG,20.0,76,BASING,CAUTION
INE184O01015,DIFFNKG,DIFFUSION ENG,STRONG,16.0,76,TOPPING,CAUTION
INE321T01012,DOMS,DOMS INDUSTRIES,STRONG,14.0,76,BASING,CAUTION
INE600Y01019,DYCL,DYNAMIC CABLES,STRONG,15.0,76,TOPPING,CAUTION
INE045J01034,FCL,FINEOTEX CHEM,STRONG,15.0,76,MID_CYCLE,CAUTION
INE171A01029,FEDERALBNK,FEDERAL BANK,WATCHLIST_CONFIRMED,16.0,76,BASING,CAUTION
INE297H01019,GALLANTT,GALLANTT ISPAT L,STRONG,18.0,76,TOPPING,CAUTION
INE00FF01025,ACUTAAS,ACUTAAS CHEMICAL,STRONG,19.0,75,MID_CYCLE,CAUTION
INE811A01020,KIRLPNU,KIRL.PNEUMATIC,STRONG,16.0,75,TOPPING,CAUTION
INE0Q3J01015,KRN,KRN HEAT EXCHAN,STRONG,19.0,75,TOPPING,CAUTION
INE101D01020,GRANULES,GRANULES INDIA,STRONG,20.0,75,MID_CYCLE,CAUTION
INE616N01034,INOXINDIA,INOX INDIA,STRONG,17.0,75,TOPPING,CAUTION
INE191B01025,WELCORP,WELSPUN CORP,STRONG,17.0,75,TOPPING,CAUTION
INE08N601015,MBEL,M & B ENGINEER.,WATCHLIST_CONFIRMED,13.0,75,TOPPING,CAUTION
INE818H01020,LTFOODS,L T FOODS,WATCHLIST_CONFIRMED,14.0,75,TOPPING,CAUTION
INE093R01011,LLOYDSENGG,LLOYDS ENGINEERI,WATCHLIST_CONFIRMED,16.0,75,TOPPING,CAUTION
INE386A01023,VESUVIUS,VESUVIUS INDIA,STRONG,15.0,75,TOPPING,CAUTION
INE0GMR01016,SWARAJ,SWARAJ SUITING,STRONG,14.0,75,BASING,CAUTION
INE411D01023,SKMEGGPROD,SKM EGG PROD.,WATCHLIST_CONFIRMED,15.0,75,TOPPING,CAUTION
INE192R01011,DMART,AVENUE SUPER.,STRONG,16.0,75,BASING,CAUTION
INE814H01029,ADANIPOWER,ADANI POWER,WATCHLIST_CONFIRMED,13.0,75,TOPPING,CAUTION
INE045A01017,ADOR,ADOR WELDING,STRONG,18.0,75,TOPPING,CAUTION
INE679V01027,AVL,ADITYA VISION,STRONG,17.0,75,BASING,CAUTION
INE039O01029,JASH,JASH ENGINEERING,WATCHLIST_CONFIRMED,13.0,75,TOPPING,CAUTION
INE835D01023,HIRECT,HIND RECTIFIERS,WATCHLIST_CONFIRMED,14.0,75,TOPPING,CAUTION
INE109A01011,SCI,S C I,WATCHLIST_CONFIRMED,19.0,74,TOPPING,CAUTION
INE850M01015,NORTHARC,NORTHERN ARC,WATCHLIST_CONFIRMED,14.0,74,BASING,CAUTION
INE01EA01019,VMM,VISHAL MEGA MART,STRONG,15.0,74,BASING,CAUTION
INE062A01020,SBIN,SBI,WATCHLIST_CONFIRMED,14.0,74,BASING,CAUTION
INE673O01025,TBOTEK,TBO TEK,STRONG,12.0,74,BASING,CAUTION
INE0V7W01012,CARRARO,CARRARO INDIA,STRONG,16.0,74,BASING,CAUTION
INE180C01042,CGCL,CAPRI GLOBAL,WATCHLIST_CONFIRMED,13.0,74,BASING,CAUTION
INE0JS101016,DREAMFOLKS,DREAMFOLKS SERVI,WATCHLIST_CONFIRMED,11.0,74,BASING,CAUTION
INE0S4R01014,CRIZAC,CRIZAC,STRONG,12.0,74,BASING,CAUTION
INE007A01025,CRISIL,CRISIL,WATCHLIST_CONFIRMED,9.0,74,BASING,CAUTION
INE00WC01027,AFFLE,AFFLE 3I,STRONG,15.0,74,BASING,CAUTION
INE871C01038,AVANTIFEED,AVANTI FEEDS,WATCHLIST_CONFIRMED,16.0,74,TOPPING,CAUTION
INE164A01016,BALMLAWRIE,BALMER LAWRIE,STRONG,15.0,74,MID_CYCLE,CAUTION
INE0HV901016,IXIGO,LE TRAVENUES,STRONG,15.0,74,BASING,CAUTION
INE798K01010,KRITINUT,KRITI NUTRIENTS,WATCHLIST_CONFIRMED,12.0,74,TOPPING,CAUTION
INE917I01010,BAJAJ-AUTO,BAJAJ AUTO,STRONG,21.0,73,BASING,CAUTION
INE637C01025,POKARNA,POKARNA,STRONG,13.0,73,BASING,CAUTION
INE211R01019,POWERMECH,POWER MECH PROJ.,WATCHLIST_CONFIRMED,13.0,73,TOPPING,CAUTION
INE450U01017,ROUTE,ROUTE MOBILE,STRONG,13.0,73,BASING,CAUTION
INE0TO701015,MAMATA,MAMATA MACHINERY,WATCHLIST_CONFIRMED,12.0,73,TOPPING,CAUTION
INE002S01010,MGL,MAHANAGAR GAS,STRONG,13.0,73,MID_CYCLE,CAUTION
INE625X01026,SILVERTUC,SILVER TOUCH,STRONG,14.0,73,BASING,CAUTION
INE618R01015,SGFIN,SG FINSERVE,WATCHLIST_CONFIRMED,11.0,73,BASING,CAUTION
INE483S01020,CCAVENUE,AVENUESAI,STRONG,13.0,73,BASING,CAUTION
INE214A01019,CYBERTECH,CYBERTECH SYS.,STRONG,14.0,73,BASING,CAUTION
INE0Z4F01028,ATLANTAELE,ATLANTA ELECTRIC,STRONG,17.0,73,TOPPING,CAUTION
INE758E01017,JIOFIN,JIO FINANCIAL,WATCHLIST_CONFIRMED,10.0,73,BASING,CAUTION
INE203G01027,IGL,INDRAPRASTHA GAS,STRONG,13.0,73,MID_CYCLE,CAUTION
INE220G01021,JSL,JINDAL STAIN.,WATCHLIST_CONFIRMED,13.0,73,BASING,CAUTION
INE094I01018,KOLTEPATIL,KOLTE PATIL DEV.,STRONG,12.0,73,BASING,CAUTION
INE127I01024,GOODLUCK,GOODLUCK INDIA,STRONG,17.0,72,TOPPING,CAUTION
INE716B01029,TIPSMUSIC,TIPS MUSIC,STRONG,15.0,72,TOPPING,CAUTION
INE330T01021,HAPPYFORGE,HAPPY FORGINGS,STRONG,17.0,72,TOPPING,CAUTION
INE332H01014,INDOTECH,INDO TECH.TRANS.,STRONG,14.0,72,TOPPING,CAUTION
INE570L01029,SAILIFE,SAI LIFE,STRONG,21.0,72,MID_CYCLE,CAUTION
INE0S3G01027,PACEDIGITK,PACE DIGITEK,STRONG,12.0,72,BASING,CAUTION
INE721A01047,SHRIRAMFIN,SHRIRAM FINANCE,WATCHLIST_CONFIRMED,14.0,72,BASING,CAUTION
INE18JU01028,EBGNG,GNG ELECTRONICS,STRONG,14.0,72,TOPPING,CAUTION
INE0HR601026,DDEVPLSTIK,DDEV PLASTIKS,STRONG,12.0,72,MID_CYCLE,CAUTION
INE680A01011,DHANBANK,DHANLAXMI BANK,WATCHLIST_CONFIRMED,14.0,72,BASING,CAUTION
INE731H01025,ACE,ACTION CONST.EQ.,WATCHLIST_CONFIRMED,13.0,72,CORRECTION,CAUTION
INE0BWX01014,AETHER,AETHER INDUSTRI.,STRONG,19.0,72,MID_CYCLE,CAUTION
INE0ALI01010,ADVAIT,ADVAIT ENERGY,STRONG,15.0,72,TOPPING,CAUTION
INE415D01024,BHARATSE,BHARAT SEATS,STRONG,16.0,72,BASING,CAUTION
INE276G01015,ASIANENE,ASIAN ENERGY,WATCHLIST_CONFIRMED,14.0,72,LATE_CYCLE,CAUTION
INE230A01023,EIHOTEL,EIH,WATCHLIST_CONFIRMED,12.0,72,BASING,CAUTION
INE390G01014,GPTINFRA,GPT INFRAPROJECT,WATCHLIST_CONFIRMED,12.0,72,TOPPING,CAUTION
INE1AG301022,GKENERGY,GK ENERGY,WATCHLIST_CONFIRMED,13.0,72,TOPPING,CAUTION
INE555B01013,AXISCADES,AXISCADES TECH.,STRONG,17.0,71,TOPPING,CAUTION
INE0RB801010,SENORES,SENORES PHARMA.,STRONG,20.0,71,MID_CYCLE,CAUTION
INE386C01029,ASTRAMICRO,ASTRA MICROWAVE,STRONG,17.0,71,TOPPING,CAUTION
INE419M01027,TDPOWERSYS,TD POWER SYSTEMS,STRONG,19.0,71,TOPPING,CAUTION
INE522F01014,COALINDIA,COAL INDIA,STRONG,18.0,71,TOPPING,CAUTION
INE863B01029,PREMEXPLN,PREM. EXPLOSIVES,STRONG,14.0,71,MID_CYCLE,CAUTION
INE667G01023,SAKSOFT,SAKSOFT,WATCHLIST_CONFIRMED,13.0,71,BASING,CAUTION
INE050H01012,RML,RANE (MADRAS),STRONG,17.0,71,BASING,CAUTION
INE903D01011,MONARCH,MONARCH NETWORTH,STRONG,15.0,71,BASING,CAUTION
INE420C01059,PAISALO,PAISALO DIGITAL,WATCHLIST_CONFIRMED,14.0,71,BASING,CAUTION
INE413G01022,TPLPLASTEH,TPL PLASTECH,STRONG,14.0,71,TOPPING,CAUTION
INE710A01016,VSTIND,VST INDUSTRIES,STRONG,14.0,71,MID_CYCLE,CAUTION
INE1B3L01017,SHRINGARMS,SHRINGAR HOUSE,STRONG,12.0,71,BASING,CAUTION
INE04AK01028,SBC,SBC EXPORTS,STRONG,14.0,71,BASING,CAUTION
INE142M01025,TATATECH,TATA TECHNOLOG.,STRONG,14.0,71,BASING,CAUTION
INE06HJ01020,ECOSMOBLTY,ECOS (INDIA),WATCHLIST_CONFIRMED,10.0,71,TOPPING,CAUTION
INE338H01029,CONCORDBIO,CONCORD BIOTECH,STRONG,13.0,71,MID_CYCLE,CAUTION
INE0R4701017,ALPEXSOLAR,ALPEX SOLAR,STRONG,14.0,71,TOPPING,CAUTION
INE883F01010,AADHARHFC,AADHAR HSG. FIN.,WATCHLIST_CONFIRMED,11.0,71,BASING,CAUTION
INE213C01025,BANCOINDIA,BANCO PRODUCTS,STRONG,13.0,71,BASING,CAUTION
INE491J01022,ASKAUTOLTD,ASK AUTOMOTIVE,STRONG,13.0,71,BASING,CAUTION
INE121J01017,INDUSTOWER,INDUS TOWERS,STRONG,14.0,71,BASING,CAUTION
INE0Q9301021,IGIL,INTERNATIONAL GE,STRONG,13.0,71,BASING,CAUTION
INE0O6601022,KROSS,KROSS LTD,STRONG,16.0,71,BASING,CAUTION
INE0J5801029,JSLL,JEENA SIKHO,STRONG,13.0,71,MID_CYCLE,CAUTION
INE732A01036,KIRLOSBROS,KIRL. BROTHERS,STRONG,14.0,71,TOPPING,CAUTION
INE292B01021,HBLENGINE,HBL ENGINEERING,STRONG,14.0,71,TOPPING,CAUTION
INE0SQY01018,GSMFOILS,GSM FOILS,STRONG,14.0,71,TOPPING,CAUTION
INE0BS701011,PREMIERENE,PREMIER ENERGIES,STRONG,16.0,70,TOPPING,CAUTION
INE545L01039,MANCREDIT,MANGAL CREDIT,WATCHLIST_CONFIRMED,9.0,70,BASING,CAUTION
INE0V9Q01010,LOTUSDEV,SRI LOTUS,WATCHLIST_CONFIRMED,11.0,70,BASING,CAUTION
INE074B01023,PARACABLES,PARAMOUNT COMM.,WATCHLIST_CONFIRMED,16.0,70,TOPPING,CAUTION
INE12UR01024,UTLSOLAR,FUJIYAMA POWER,STRONG,16.0,70,TOPPING,CAUTION
INE849A01020,TRENT,TRENT,STRONG,12.0,70,BASING,CAUTION
INE551W01018,UJJIVANSFB,UJJIVAN SMALL,WATCHLIST_CONFIRMED,13.0,70,BASING,CAUTION
INE02WG01024,WEL,WONDER ELECTRIC.,STRONG,12.0,70,BASING,CAUTION
INE989A01032,SANGHVIMOV,SANGHVI MOVERS,STRONG,15.0,70,BASING,CAUTION
INE428Q01011,SURYODAY,SURYODAY SMALL,WATCHLIST_CONFIRMED,15.0,70,BASING,CAUTION
INE0NLT01010,BLSE,BLS E-SERVICES,STRONG,14.0,70,BASING,CAUTION
INE216A01030,BRITANNIA,BRITANNIA INDS.,WATCHLIST_CONFIRMED,12.0,70,TOPPING,CAUTION
INE250K01012,DLINKINDIA,D-LINK INDIA,STRONG,14.0,70,TOPPING,CAUTION
INE976R01033,AGIIL,AGI INFRA,WATCHLIST_CONFIRMED,10.0,70,BASING,CAUTION
INE176A01028,BATAINDIA,BATA INDIA,STRONG,12.0,70,BASING,CAUTION
INE702C01027,APLAPOLLO,APL APOLLO TUBES,WATCHLIST_CONFIRMED,18.0,70,TOPPING,CAUTION
INE01GN01025,IRISDOREME,IRIS CLOTHINGS,WATCHLIST_CONFIRMED,12.0,70,BASING,CAUTION
INE0LGX01024,INA,INSOLATION ENER,WATCHLIST_CONFIRMED,12.0,70,TOPPING,CAUTION
INE562A01011,INDIANB,INDIAN BANK,WATCHLIST_CONFIRMED,14.0,70,BASING,CAUTION
INE999A01023,KSB,KSB,WATCHLIST_CONFIRMED,16.0,70,TOPPING,CAUTION
INE202H01019,KERNEX,KERNEX MICROSYS.,WATCHLIST_CONFIRMED,14.0,70,TOPPING,CAUTION
INE720A01015,KOTHARIPET,KOTHARI PETROCHE,STRONG,13.0,70,MID_CYCLE,CAUTION
INE451A01017,FORCEMOT,FORCE MOTORS,STRONG,18.0,70,BASING,CAUTION
INE531E01026,HINDCOPPER,HINDUSTAN COPPER,STRONG,16.0,70,MID_CYCLE,CAUTION
INE276A01018,GARFIBRES,GARWARE TECH.,WATCHLIST_CONFIRMED,11.0,70,BASING,CAUTION
INE850D01014,GODREJAGRO,GODREJ AGROVET,WATCHLIST_CONFIRMED,13.0,70,TOPPING,CAUTION
INE900L01010,MBAPL,M B AGRO PROD.,WATCHLIST_CONFIRMED,16.0,69,TOPPING,CAUTION
INE421D01022,CCL,CCL PRODUCTS,WATCHLIST_CONFIRMED,17.0,69,TOPPING,CAUTION
INE063E01053,POCL,PONDY OXIDES,STRONG,16.0,69,MID_CYCLE,CAUTION
INE794A01010,NEULANDLAB,NEULAND LABS.,STRONG,17.0,69,MID_CYCLE,CAUTION
INE585B01010,MARUTI,MARUTI SUZUKI,STRONG,14.0,69,BASING,CAUTION
INE813H01021,TORNTPOWER,TORRENT POWER,WATCHLIST_CONFIRMED,13.0,69,TOPPING,CAUTION
INE805D01034,SUNTECK,SUNTECK REALTY,WATCHLIST_CONFIRMED,12.0,69,BASING,CAUTION
INE950I01011,DBCORP,D B CORP,STRONG,13.0,69,MID_CYCLE,CAUTION
INE010B01027,ZYDUSLIFE,ZYDUS LIFESCI.,STRONG,17.0,69,MID_CYCLE,CAUTION
INE967C01018,KAMATHOTEL,KAMAT HOTELS,WATCHLIST_CONFIRMED,11.0,69,BASING,CAUTION
INE128S01021,FIVESTAR,FIVE-STAR BUS.FI,WATCHLIST_EXTERNAL,11.0,69,BASING,CAUTION
INE01QM01018,EMUDHRA,EMUDHRA,STRONG,12.0,69,BASING,CAUTION
INE042A01014,ESCORTS,ESCORTS KUBOTA,WATCHLIST_CONFIRMED,12.0,69,CORRECTION,CAUTION
INE978A01027,HERITGFOOD,HERITAGE FOODS,WATCHLIST_CONFIRMED,12.0,69,TOPPING,CAUTION
INE075D01018,GMBREW,G M BREWERIES,WATCHLIST_CONFIRMED,16.0,69,TOPPING,CAUTION
INE517F01014,GPPL,GUJ PIPAVAV PORT,STRONG,13.0,69,BASING,CAUTION
INE636A01039,MAWANASUG,MAWANA SUGARS,WATCHLIST_CONFIRMED,12.0,68,TOPPING,CAUTION
INE725A01030,NAVA,NAVA,WATCHLIST_CONFIRMED,13.0,68,TOPPING,CAUTION
INE410P01011,NH,NARAYANA HRUDAYA,STRONG,14.0,68,MID_CYCLE,CAUTION
INE630Y01024,MEDICO,MEDICO REMEDIES,STRONG,13.0,68,MID_CYCLE,CAUTION
INE071D01033,MENONBE,MENON BEARINGS,STRONG,15.0,68,BASING,CAUTION
INE579C01029,VIMTALABS,VIMTA LABS,STRONG,13.0,68,MID_CYCLE,CAUTION
INE274V01019,SHANKARA,SHANKARA BUILDING,STRONG,12.0,68,BASING,CAUTION
INE284H01025,DAMCAPITAL,DAM CAPITAL ADVI,WATCHLIST_CONFIRMED,12.0,68,BASING,CAUTION
INE00YB01025,ABINFRA,A B INFRABUILD,WATCHLIST_CONFIRMED,11.0,68,TOPPING,CAUTION
INE011E01029,BALUFORGE,BALU FORGE,WATCHLIST_CONFIRMED,13.0,68,TOPPING,CAUTION
INE0ALR01029,ATALREAL,ATAL REALTECH,WATCHLIST_CONFIRMED,14.0,68,BASING,CAUTION
INE048B01035,JAGSNPHARM,JAGSONPAL PHARMA,STRONG,13.0,68,MID_CYCLE,CAUTION
INE481N01025,HOMEFIRST,HOME FIRST FINAN,WATCHLIST_EXTERNAL,10.0,68,BASING,CAUTION
INE802B01027,LINC,LINC,STRONG,12.0,68,BASING,CAUTION
INE209L01016,JWL,JUPITER WAGONS,WATCHLIST_CONFIRMED,12.0,68,TOPPING,CAUTION
INE036D01028,KARURVYSYA,KARUR VYSYA BANK,WATCHLIST_CONFIRMED,15.0,68,BASING,CAUTION
INE04TZ01018,ETHOSLTD,ETHOS,STRONG,16.0,68,BASING,CAUTION
INE159A01016,GLAXO,GLAXOSMI. PHARMA,STRONG,13.0,68,MID_CYCLE,CAUTION
INE151G01028,SHAILY,SHAILY ENGINEER.,WATCHLIST_CONFIRMED,16.0,67,TOPPING,CAUTION
INE372A01015,APARINDS,APAR INDS.,STRONG,17.0,67,TOPPING,CAUTION
INE953R01016,PNGJL,P N GADGIL JEWE.,STRONG,13.0,67,BASING,CAUTION
INE318A01026,PIDILITIND,PIDILITE INDS.,STRONG,12.0,67,MID_CYCLE,CAUTION
INE959A01019,PRIVISCL,PRIVI SPECI.,STRONG,15.0,67,MID_CYCLE,CAUTION
INE766P01016,MAHLOG,MAHINDRA LOGIS.,WATCHLIST_CONFIRMED,15.0,67,TOPPING,CAUTION
INE835B01035,MOLDTECH,MOLD-TEK TECHNOL,WATCHLIST_CONFIRMED,14.0,67,TOPPING,CAUTION
INE347G01014,PETRONET,PETRONET LNG,WATCHLIST_CONFIRMED,12.0,67,MID_CYCLE,CAUTION
INE752H01013,CARERATING,CARE RATINGS,STRONG,16.0,67,BASING,CAUTION
INE0GV601021,ALLTIME,ALL TIME PLASTIC,STRONG,11.0,67,BASING,CAUTION
INE274Y01021,AJAXENGG,AJAX ENGINEERING,WATCHLIST_CONFIRMED,11.0,67,CORRECTION,CAUTION
INE916Y01027,AFIL,AKME FINTRADE,WATCHLIST_EXTERNAL,10.0,67,BASING,CAUTION
INE056801025,IVALUE,IVALUE INFOSOLUT,STRONG,11.0,67,BASING,CAUTION
INE742C01031,JINDRILL,JINDAL DRILLING,WATCHLIST_CONFIRMED,12.0,67,LATE_CYCLE,CAUTION
INE489L01022,IIFLCAPS,IIFL CAPITAL,STRONG,16.0,67,BASING,CAUTION
INE919H01018,IMFA,INDIAN METALS,WATCHLIST_CONFIRMED,12.0,67,BASING,CAUTION
INE922K01024,INDIASHLTR,INDIA SHELTE FIN,WATCHLIST_EXTERNAL,9.0,67,BASING,CAUTION
INE760F01028,INDOAMIN,INDO AMINES,STRONG,13.0,67,MID_CYCLE,CAUTION
INE262Z01023,LATTEYS,LATTEYS INDUSTRI,WATCHLIST_CONFIRMED,15.0,67,TOPPING,CAUTION
INE138Y01010,KFINTECH,KFIN TECHNOLOG.,STRONG,14.0,67,BASING,CAUTION
INE158A01026,HEROMOTOCO,HERO MOTOCORP,STRONG,16.0,67,BASING,CAUTION
INE102D01028,GODREJCP,GODREJ CONSUMER,WATCHLIST_CONFIRMED,12.0,67,BASING,CAUTION
INE878B01027,KEI,KEI INDUSTRIES,WATCHLIST_CONFIRMED,18.0,66,TOPPING,CAUTION
INE0IX101010,DATAPATTNS,DATA PATTERN,WATCHLIST_CONFIRMED,17.0,66,TOPPING,CAUTION
INE031B01049,AJANTPHARM,AJANTA PHARMA,STRONG,17.0,66,MID_CYCLE,CAUTION
INE715A01015,WHEELS,WHEELS INDIA,STRONG,19.0,66,BASING,CAUTION
INE0J5401028,HONASA,HONASA CONSUMER,WATCHLIST_CONFIRMED,16.0,66,BASING,CAUTION
INE152A01029,THERMAX,THERMAX,WATCHLIST_CONFIRMED,18.0,66,TOPPING,CAUTION
INE961O01016,RAINBOW,RAINBOW CHILD.,STRONG,13.0,66,MID_CYCLE,CAUTION
INE0DD101019,RAILTEL,RAILTEL CORPN.,WATCHLIST_CONFIRMED,13.0,66,BASING,CAUTION
INE726V01018,PRICOLLTD,PRICOL LTD,STRONG,15.0,66,BASING,CAUTION
INE944F01028,RADICO,RADICO KHAITAN,WATCHLIST_CONFIRMED,17.0,66,TOPPING,CAUTION
INE056I01025,REFEX,REFEX INDUSTRIES,STRONG,14.0,66,MID_CYCLE,CAUTION
INE207E01023,RAMRAT,RAM RATNA WIRES,WATCHLIST_CONFIRMED,15.0,66,TOPPING,CAUTION
INE868B01028,NCC,NCC,WATCHLIST_CONFIRMED,11.0,66,TOPPING,CAUTION
INE0BV301023,MAPMYINDIA,C.E. INFO SYSTEM,STRONG,13.0,66,BASING,CAUTION
INE988S01028,PARKHOTELS,APEEJAY SURREND.,WATCHLIST_CONFIRMED,12.0,66,BASING,CAUTION
INE262H01021,PERSISTENT,PERSISTENT SYSTEMS,STRONG,12.0,66,BASING,CAUTION
INE00S901012,NILASPACES,NILA SPACES,WATCHLIST_CONFIRMED,12.0,66,BASING,CAUTION
INE0RWQ01014,TOLINS,TOLINS TYRES,STRONG,13.0,66,BASING,CAUTION
INE665J01013,VMART,V-MART RETAIL,STRONG,12.0,66,BASING,CAUTION
INE855C01023,WEBELSOLAR,WEBSOL ENERGY,WATCHLIST_CONFIRMED,12.0,66,TOPPING,CAUTION
INE335A01020,SURYAROSNI,SURYA ROSHNI,WATCHLIST_CONFIRMED,15.0,66,TOPPING,CAUTION
INE688A01022,TCI,TRANSPORT CORP.,WATCHLIST_CONFIRMED,11.0,66,TOPPING,CAUTION
INE763I01026,TARIL,T R I L,WATCHLIST_CONFIRMED,14.0,66,TOPPING,CAUTION
INE294B01019,SMLMAH,SML MAHINDRA,WATCHLIST_CONFIRMED,12.0,66,CORRECTION,CAUTION
INE792I01017,CORDSCABLE,CORDS CABLE,WATCHLIST_CONFIRMED,15.0,66,TOPPING,CAUTION
INE016A01026,DABUR,DABUR INDIA,WATCHLIST_CONFIRMED,13.0,66,BASING,CAUTION
INE208C01025,AEGISLOG,AEGIS LOGISTICS,WATCHLIST_CONFIRMED,12.0,66,MID_CYCLE,CAUTION
INE1B0W01010,ADVANCE,ADVANCE AGROLIFE,WATCHLIST_CONFIRMED,11.0,66,TOPPING,CAUTION
INE787D01026,BALKRISIND,BALKRISHNA INDS,STRONG,14.0,66,BASING,CAUTION
INE348A01023,ASHAPURMIN,ASHAPURA MINECH.,WATCHLIST_CONFIRMED,16.0,66,TOPPING,CAUTION
INE034A01011,ARVIND,ARVIND LTD,WATCHLIST_CONFIRMED,18.0,66,BASING,CAUTION
INE039C01032,JAMNAAUTO,JAMNA AUTO INDS.,STRONG,14.0,66,BASING,CAUTION
INE927D01051,JBMA,JBM AUTO,STRONG,16.0,66,BASING,CAUTION
INE201K01015,EXPLEOSOL,EXPLEO SOLUTIONS,STRONG,12.0,66,BASING,CAUTION
INE079J01017,GATEWAY,GATEWAY DISTRI,WATCHLIST_CONFIRMED,12.0,66,TOPPING,CAUTION
INE934S01014,GNA,GNA AXLES,STRONG,16.0,66,BASING,CAUTION
INE00Y201027,FLAIR,FLAIR WRITING,WATCHLIST_CONFIRMED,13.0,65,BASING,CAUTION
INE406A01037,AUROPHARMA,AUROBINDO PHARMA,STRONG,17.0,65,MID_CYCLE,CAUTION
INE117Z01011,NARMADA,NARMADA AGROBASE,WATCHLIST_CONFIRMED,15.0,65,TOPPING,CAUTION
INE03Q201024,ALIVUS,ALIVUS LIFE,STRONG,15.0,65,MID_CYCLE,CAUTION
INE450D01021,PITTIENG,PITTI ENGG.,WATCHLIST_CONFIRMED,13.0,65,TOPPING,CAUTION
INE855R01021,RADIANTCMS,RADIANT CASH,STRONG,12.0,65,BASING,CAUTION
INE105J01010,RPGLIFE,RPG LIFESCIENCE.,STRONG,14.0,65,MID_CYCLE,CAUTION
INE220Q01020,MUFTI,CREDO BRANDS,WATCHLIST_CONFIRMED,11.0,65,BASING,CAUTION
INE095N01031,NBCC,NBCC,WATCHLIST_CONFIRMED,11.0,65,TOPPING,CAUTION
INE619B01017,NEWGEN,NEWGEN SOFTWARE,STRONG,12.0,65,BASING,CAUTION
INE326A01037,LUPIN,LUPIN,STRONG,17.0,65,MID_CYCLE,CAUTION
INE804L01022,MEDPLUS,MEDPLUS HEALTH,WATCHLIST_CONFIRMED,14.0,65,BASING,CAUTION
INE180A01020,MFSL,MAX FINANCIAL,WATCHLIST_EXTERNAL,10.0,65,BASING,CAUTION
INE1BZC01019,OMFREIGHT,OM FREIGHT FORWA,WATCHLIST_CONFIRMED,11.0,65,TOPPING,CAUTION
INE260D01016,OLECTRA,OLECTRA GREENTEC,STRONG,13.0,65,BASING,CAUTION
INE881D01027,OFSS,ORACLE FIN.SERV.,STRONG,14.0,65,BASING,CAUTION
INE200M01039,VBL,VARUN BEVERAGES,WATCHLIST_CONFIRMED,13.0,65,TOPPING,CAUTION
INE0NVI01020,TRANSTEEL,TRANSTEEL SEATIN,STRONG,13.0,65,BASING,CAUTION
INE520A01027,ZENSARTECH,ZENSAR TECH.,STRONG,13.0,65,BASING,CAUTION
INE528G01035,YESBANK,YES BANK,WATCHLIST_CONFIRMED,15.0,65,BASING,CAUTION
INE423Y01016,SBFC,SBFC FINANCE,WATCHLIST_EXTERNAL,8.0,65,BASING,CAUTION
INE439E01022,SKIPPER,SKIPPER,WATCHLIST_CONFIRMED,14.0,65,TOPPING,CAUTION
INE505A01010,DMCC,DMCC SPECIALITY,STRONG,13.0,65,MID_CYCLE,CAUTION
INE005B01027,AVANTEL,AVANTEL,WATCHLIST_CONFIRMED,13.0,65,TOPPING,CAUTION
INE399L01023,ATGL,ADANI TOTAL GAS,WATCHLIST_CONFIRMED,13.0,65,MID_CYCLE,CAUTION
INE00YJ01010,JARO,JARO INSTITUTE,WATCHLIST_CONFIRMED,11.0,65,BASING,CAUTION
INE548C01032,EMAMILTD,EMAMI,WATCHLIST_CONFIRMED,11.0,65,BASING,CAUTION
INE128A01029,EVEREADY,EVEREADY INDS.,WATCHLIST_CONFIRMED,11.0,65,BASING,CAUTION
INE626Z01029,HARDWYN,HARDWYN INDIA,STRONG,15.0,65,BASING,CAUTION
INE314T01033,GOKULAGRO,GOKUL AGRO,WATCHLIST_CONFIRMED,11.0,65,TOPPING,CAUTION
INE324A01032,JINDALSAW,JINDAL SAW,WATCHLIST_CONFIRMED,13.0,64,TOPPING,CAUTION
INE0J0B01017,KOTYARK,KOTYARK INDUST.,WATCHLIST_CONFIRMED,15.0,64,TOPPING,CAUTION
INE202B01038,PIRAMALFIN,PIRAMAL FINANCE.,WATCHLIST_EXTERNAL,11.0,64,BASING,CAUTION
INE13B501022,SAATVIKGL,SAATVIK GREEN,WATCHLIST_CONFIRMED,13.0,64,TOPPING,CAUTION
INE338I01027,MOTILALOFS,MOTIL.OSWAL.FIN.,STRONG,14.0,64,BASING,CAUTION
INE0FW001016,MARKOLINES,MARKOLINES PAVEM,WATCHLIST_CONFIRMED,12.0,64,TOPPING,CAUTION
INE619A01035,PATANJALI,PATANJALI FOODS,WATCHLIST_CONFIRMED,11.0,64,TOPPING,CAUTION
INE562X01013,UNIVASTU,UNIVASTU INDIA,WATCHLIST_CONFIRMED,10.0,64,TOPPING,CAUTION
INE228A01035,USHAMART,USHA MARTIN,WATCHLIST_CONFIRMED,18.0,64,TOPPING,CAUTION
INE368U01029,UNITEDPOLY,UNITED POLYFAB,WATCHLIST_CONFIRMED,11.0,64,BASING,CAUTION
INE0MWH01014,TRUALT,TRUALT BIOENERGY,WATCHLIST_CONFIRMED,11.0,64,TOPPING,CAUTION
INE851I01011,UDS,UPDATER SERVICES,WATCHLIST_CONFIRMED,13.0,64,BASING,CAUTION
INE483C01032,TANLA,TANLA PLATFORMS,STRONG,12.0,64,BASING,CAUTION
INE509F01029,CUPID,CUPID,WATCHLIST_CONFIRMED,13.0,64,BASING,CAUTION
INE852O01025,APTUS,APTUS VALUE HOU.,WATCHLIST_EXTERNAL,9.0,64,BASING,CAUTION
INE780C01023,JMFINANCIL,JM FINANCIAL,WATCHLIST_EXTERNAL,8.0,64,BASING,CAUTION
INE06WU01026,LAXMIINDIA,LAXMI INDIA FIN.,WATCHLIST_EXTERNAL,8.0,64,BASING,CAUTION
INE093A01041,HEXT,HEXAWARE TECH.,STRONG,12.0,64,BASING,CAUTION
INE0BJS01011,GOCOLORS,GO FASHION (I),WATCHLIST_CONFIRMED,12.0,64,BASING,CAUTION
INE07Y701011,POWERINDIA,HITACHI ENERGY,WATCHLIST_CONFIRMED,17.0,63,TOPPING,CAUTION
INE0GXK01018,VMARCIND,V-MARC INDIA,WATCHLIST_CONFIRMED,14.0,63,TOPPING,CAUTION
INE05CZ01011,RATNAVEER,RATNAVEER PRECIS,WATCHLIST_CONFIRMED,16.0,63,TOPPING,CAUTION
INE473A01011,LINDEINDIA,LINDE INDIA,STRONG,16.0,63,MID_CYCLE,CAUTION
INE0PEQ01016,RBZJEWEL,RBZ JEWELLERS LT,STRONG,11.0,63,BASING,CAUTION
INE060A01024,NAVNETEDUL,NAVNEET EDUCAT.,WATCHLIST_CONFIRMED,12.0,63,TOPPING,CAUTION
INE825V01034,MANYAVAR,VEDANT FASHIONS,WATCHLIST_CONFIRMED,12.0,63,BASING,CAUTION
INE692A01016,UNIONBANK,UNION BANK (I),WATCHLIST_CONFIRMED,12.0,63,BASING,CAUTION
INE0JA001018,VENUSPIPES,VENUS PIPES,WATCHLIST_CONFIRMED,13.0,63,TOPPING,CAUTION
INE893I01013,VASCONEQ,VASCON ENGINEERS,WATCHLIST_CONFIRMED,10.0,63,BASING,CAUTION
INE152M01016,TRITURBINE,TRIVENI TURBINE,WATCHLIST_CONFIRMED,16.0,63,TOPPING,CAUTION
INE668A01016,TMB,T N MERC. BANK,WATCHLIST_CONFIRMED,13.0,63,BASING,CAUTION
INE508G01029,TIMETECHNO,TIME TECHNOPLAST,WATCHLIST_CONFIRMED,13.0,63,TOPPING,CAUTION
INE06ZD01017,SHANTIGOLD,SHANTI GOLD,STRONG,12.0,63,BASING,CAUTION
INE324X01026,SARVESHWAR,SARVESHWAR FOODS,WATCHLIST_CONFIRMED,11.0,63,TOPPING,CAUTION
INE225D01027,SYMPHONY,SYMPHONY,STRONG,10.0,63,BASING,CAUTION
INE0LMW01024,CELLO,CELLO WORLD,WATCHLIST_CONFIRMED,11.0,63,BASING,CAUTION
INE596I01020,CAMS,CAMS SERVICES,STRONG,13.0,63,BASING,CAUTION
INE791I01019,BRIGADE,BRIGADE ENTERPR.,WATCHLIST_CONFIRMED,12.0,63,BASING,CAUTION
INE242C01024,ANANTRAJ,ANANT RAJ,WATCHLIST_CONFIRMED,11.0,63,BASING,CAUTION
INE0LRU01027,AARTIPHARM,AARTI PHARMA,STRONG,14.0,63,MID_CYCLE,CAUTION
INE982B01027,ADFFOODS,ADF FOODS,WATCHLIST_CONFIRMED,14.0,63,TOPPING,CAUTION
INE918I01026,BAJAJFINSV,BAJAJ FINSERV,WATCHLIST_EXTERNAL,8.0,63,BASING,CAUTION
INE254N01026,HNDFDS,HINDUSTAN FOODS,WATCHLIST_CONFIRMED,11.0,63,BASING,CAUTION
INE987S01020,KSHINTL,KSH INTERNATIONA,WATCHLIST_CONFIRMED,15.0,63,TOPPING,CAUTION
INE668F01031,JYOTHYLAB,JYOTHY LABS,WATCHLIST_CONFIRMED,10.0,63,BASING,CAUTION
INE0OV601013,EMSLIMITED,EMS,WATCHLIST_CONFIRMED,13.0,63,TOPPING,CAUTION
INE0QHG01026,SUPREMEPWR,SUPREME POWER,WATCHLIST_CONFIRMED,13.0,62,TOPPING,CAUTION
INE073K01018,SONACOMS,SONA BLW PRECIS.,STRONG,16.0,62,BASING,CAUTION
INE038A01020,HINDALCO,HINDALCO INDS.,WATCHLIST_CONFIRMED,16.0,62,MID_CYCLE,CAUTION
INE584A01023,NMDC,NMDC,WATCHLIST_CONFIRMED,16.0,62,TOPPING,CAUTION
INE02IJ01035,AZAD,AZAD ENGINEERING,WATCHLIST_CONFIRMED,17.0,62,TOPPING,CAUTION
INE365D01021,ASHIANA,ASHIANA HOUSING,WATCHLIST_CONFIRMED,14.0,62,BASING,CAUTION
INE703B01027,RATNAMANI,RATNAMANI METALS,WATCHLIST_CONFIRMED,13.0,62,TOPPING,CAUTION
INE148I01020,SAMMAANCAP,SAMMAAN CAPITAL,WATCHLIST_EXTERNAL,9.0,62,BASING,CAUTION
INE012Q01039,RNBDENIMS,R&B DENIMS,WATCHLIST_CONFIRMED,9.0,62,BASING,CAUTION
INE399G01023,RKFORGE,RAMKRISHNA FORG.,STRONG,15.0,62,BASING,CAUTION
INE864I01014,MTARTECH,MTAR TECHNOLOGIE,WATCHLIST_CONFIRMED,19.0,62,TOPPING,CAUTION
INE474Q01031,MEDANTA,GLOBAL HEALTH,STRONG,15.0,62,MID_CYCLE,CAUTION
INE018A01030,LT,LARSEN & TOUBRO,WATCHLIST_CONFIRMED,14.0,62,TOPPING,CAUTION
INE093I01010,OBEROIRLTY,OBEROI REALTY,WATCHLIST_CONFIRMED,11.0,62,BASING,CAUTION
INE043W01024,VIJAYA,VIJAYA DIAGNOST.,STRONG,17.0,62,MID_CYCLE,CAUTION
INE221J01015,SHARDACROP,SHARDA CROPCHEM,WATCHLIST_CONFIRMED,13.0,62,TOPPING,CAUTION
INE040H01021,SUZLON,SUZLON ENERGY,WATCHLIST_CONFIRMED,15.0,62,TOPPING,CAUTION
INE0SOY01013,TAC,TAC INFOSEC,STRONG,10.0,62,BASING,CAUTION
INE312C01025,SYNCOMF,SYNCOM FORMUL.,STRONG,12.0,62,MID_CYCLE,CAUTION
INE016Q01014,CEINSYS,CEINSYS TECH,STRONG,12.0,62,BASING,CAUTION
INE376G01013,BIOCON,BIOCON,STRONG,19.0,62,MID_CYCLE,CAUTION
INE935N01020,DIXON,DIXON TECHNOLOG.,STRONG,13.0,62,BASING,CAUTION
INE741K01010,CREDITACC,CREDITACC. GRAM.,WATCHLIST_EXTERNAL,10.0,62,BASING,CAUTION
INE943P01029,AGARWALEYE,DR AGARWAL'S HEA,STRONG,14.0,62,MID_CYCLE,CAUTION
INE343G01021,BHARTIHEXA,BHARTI HEXACOM,WATCHLIST_CONFIRMED,11.0,62,BASING,CAUTION
INE549H01021,ARSSBL,ANAND RATHI SHAR,STRONG,12.0,62,BASING,CAUTION
INE021A01026,ASIANPAINT,ASIAN PAINTS,STRONG,14.0,62,BASING,CAUTION
INE154A01025,ITC,ITC,WATCHLIST_CONFIRMED,10.0,62,BASING,CAUTION
INE576I01022,JKIL,J KUMAR INFRA,WATCHLIST_CONFIRMED,10.0,62,TOPPING,CAUTION
INE030A01027,HINDUNILVR,HIND. UNILEVER,WATCHLIST_CONFIRMED,12.0,62,BASING,CAUTION
INE880J01026,JSWINFRA,JSW INFRAST,WATCHLIST_CONFIRMED,12.0,62,BASING,CAUTION
INE967H01025,KIMS,KRISHNA INSTITU.,STRONG,16.0,62,MID_CYCLE,CAUTION
INE729D01010,KILITCH,KILITCH DRUGS,STRONG,13.0,62,MID_CYCLE,CAUTION
INE930H01031,KPRMILL,K P R MILL LTD,WATCHLIST_CONFIRMED,11.0,62,BASING,CAUTION
INE139R01012,FUSION,FUSION FINANCE,WATCHLIST_EXTERNAL,10.0,62,BASING,CAUTION
INE913H01037,ENDURANCE,ENDURANCE TECH.,STRONG,15.0,62,BASING,CAUTION
INE066F01020,HAL,HIND.AERONAUTICS,WATCHLIST_CONFIRMED,14.0,62,TOPPING,CAUTION
INE858B01029,ISGEC,ISGEC HEAVY,WATCHLIST_CONFIRMED,13.0,61,TOPPING,CAUTION
INE535F01024,RAJOOENG,RAJOO ENGINEERS,WATCHLIST_CONFIRMED,11.0,61,TOPPING,CAUTION
INE577A01027,MUNJALSHOW,MUNJAL SHOWA,STRONG,14.0,61,BASING,CAUTION
INE01JE01028,MARINE,MARINE ELECTRIC.,WATCHLIST_CONFIRMED,13.0,61,TOPPING,CAUTION
INE613C01026,MCLOUD,MAGELLANIC CLOUD,WATCHLIST_CONFIRMED,10.0,61,BASING,CAUTION
INE865T01018,PDMJEPAPER,PUDUMJEE PAPER,WATCHLIST_CONFIRMED,11.0,61,CORRECTION,CAUTION
INE07K301024,ZAGGLE,ZAGGLE PREPAID,WATCHLIST_CONFIRMED,12.0,61,BASING,CAUTION
INE480C01038,SDBL,SOM DISTILLERIES,WATCHLIST_CONFIRMED,13.0,61,TOPPING,CAUTION
INE285K01026,TECHNOE,TECHNO ELEC.ENGG,WATCHLIST_CONFIRMED,10.0,61,TOPPING,CAUTION
INE0RYC01010,STALLION,STALLION INDIA,STRONG,12.0,61,MID_CYCLE,CAUTION
INE885H01029,SPORTKING,SPORTKING INDIA,WATCHLIST_CONFIRMED,13.0,61,BASING,CAUTION
INE227W01023,CLEAN,CLEAN SCIENCE,STRONG,11.0,61,MID_CYCLE,CAUTION
INE271C01023,DLF,DLF,WATCHLIST_CONFIRMED,11.0,61,BASING,CAUTION
INE07O001026,EASEMYTRIP,EASY TRIP PLANN.,WATCHLIST_CONFIRMED,11.0,61,BASING,CAUTION
INE148O01028,DELHIVERY,DELHIVERY,WATCHLIST_EXTERNAL,16.0,61,TOPPING,CAUTION
INE499A01024,DCMSHRIRAM,DCM SHRIRAM,WATCHLIST_CONFIRMED,13.0,61,MID_CYCLE,CAUTION
INE503A01015,DCBBANK,DCB BANK,WATCHLIST_CONFIRMED,13.0,61,BASING,CAUTION
INE204E01012,AGARIND,AGARWAL INDL.,STRONG,11.0,61,MID_CYCLE,CAUTION
INE039A01010,IFCI,IFCI,WATCHLIST_EXTERNAL,8.0,61,BASING,CAUTION
INE053A01029,INDHOTEL,INDIAN HOTELS CO,WATCHLIST_CONFIRMED,12.0,61,BASING,CAUTION
INE0J1Y01017,LICI,LIFE INSURANCE,WATCHLIST_EXTERNAL,9.0,61,BASING,CAUTION
INE351F01018,JPPOWER,JP POWER VEN.,WATCHLIST_EXTERNAL,14.0,61,TOPPING,CAUTION
INE04I401011,KPITTECH,KPIT TECHNOLOGI.,STRONG,11.0,61,BASING,CAUTION
INE02YR01019,EMIL,ELECTRONICS MART,WATCHLIST_CONFIRMED,11.0,61,BASING,CAUTION
INE205B01031,ELECON,ELECON ENGG.CO,WATCHLIST_CONFIRMED,12.0,61,TOPPING,CAUTION
INE066A01021,EICHERMOT,EICHER MOTORS,STRONG,12.0,61,BASING,CAUTION
INE0MLS01022,EPACKPEB,EPACK PREFABTECH,WATCHLIST_CONFIRMED,11.0,61,TOPPING,CAUTION
INE486R01017,GPTHEALTH,GPT HEALTHCARE,STRONG,12.0,61,MID_CYCLE,CAUTION
INE325A01013,TIMKEN,TIMKEN INDIA,WATCHLIST_CONFIRMED,16.0,60,TOPPING,CAUTION
INE131A01031,GMDCLTD,G M D C,WATCHLIST_CONFIRMED,16.0,60,TOPPING,CAUTION
INE386D01027,SBCL,SHIVALIK BIMETAL,WATCHLIST_CONFIRMED,15.0,60,TOPPING,CAUTION
INE589A01014,NLCINDIA,NLC INDIA,WATCHLIST_EXTERNAL,14.0,60,TOPPING,CAUTION
INE0J5601015,KRISHNADEF,KRISHNA DEFENCE,WATCHLIST_CONFIRMED,13.0,60,TOPPING,CAUTION
INE285A01027,ELGIEQUIP,ELGI EQUIPMENTS,WATCHLIST_CONFIRMED,14.0,60,TOPPING,CAUTION
INE429E01023,SAFARI,SAFARI INDS.,WATCHLIST_CONFIRMED,12.0,60,BASING,CAUTION
INE535D01037,ROTO,ROTO PUMPS,WATCHLIST_CONFIRMED,12.0,60,TOPPING,CAUTION
INE0PZA01015,SAIFL,SAMEERA AGRO,WATCHLIST_EXTERNAL,11.0,60,TOPPING,CAUTION
INE732S01012,SAKAR,SAKAR HEALTHCARE,STRONG,17.0,60,MID_CYCLE,CAUTION
INE859Q01017,MANAKALUCO,MANAKSIA ALUMI.,WATCHLIST_CONFIRMED,14.0,60,MID_CYCLE,CAUTION
INE214T01019,LTM,LTIMINDTREE,WATCHLIST_CONFIRMED,13.0,60,BASING,CAUTION
INE0APB01032,MGEL,MANGALAM GLOBAL,WATCHLIST_EXTERNAL,9.0,60,TOPPING,CAUTION
INE342G01023,NIITMTS,NIIT LEARNING,WATCHLIST_CONFIRMED,11.0,60,BASING,CAUTION
INE0U3I01011,UNIMECH,UNIMECH AERO.,WATCHLIST_CONFIRMED,13.0,60,TOPPING,CAUTION
INE932X01026,SHAREINDIA,SHARE INDIA SEC.,STRONG,14.0,60,BASING,CAUTION
INE908D01010,SHAKTIPUMP,SHAKTI PUMPS,WATCHLIST_CONFIRMED,12.0,60,TOPPING,CAUTION
INE305A01023,TFCILTD,TOUR. FIN. CORP.,WATCHLIST_EXTERNAL,6.0,60,BASING,CAUTION
INE869Y01010,TEMBO,TEMBO GLOBAL,WATCHLIST_CONFIRMED,12.0,60,TOPPING,CAUTION
INE264T01014,CAPACITE,CAPACIT'E INFRA.,WATCHLIST_CONFIRMED,11.0,60,TOPPING,CAUTION
INE02L001032,BOROSCI,BOROSIL SCIENTI.,WATCHLIST_CONFIRMED,11.0,60,TOPPING,CAUTION
INE325C01035,DOLLAR,DOLLAR INDUSTRIE,WATCHLIST_CONFIRMED,11.0,60,BASING,CAUTION
INE124G01033,DELTACORP,DELTA CORP,WATCHLIST_CONFIRMED,10.0,60,BASING,CAUTION
INE144D01012,CUBEXTUB,CUBEX TUBINGS,WATCHLIST_CONFIRMED,14.0,60,TOPPING,CAUTION
INE404A01024,ABSLAMC,ADITYA AMC,STRONG,15.0,60,BASING,CAUTION
INE415A01038,AGI,AGI GREENPAC,WATCHLIST_CONFIRMED,12.0,60,TOPPING,CAUTION
INE951D01028,ATULAUTO,ATUL AUTO,WATCHLIST_CONFIRMED,11.0,60,CORRECTION,CAUTION
INE09VQ01012,INDIGOPNTS,INDIGO PAINTS,WATCHLIST_CONFIRMED,12.0,60,BASING,CAUTION
INE860A01027,HCLTECH,HCL TECHNOLOGIES,WATCHLIST_CONFIRMED,13.0,60,BASING,CAUTION
INE089A01031,DRREDDY,DR REDDY'S LABS,STRONG,15.0,59,MID_CYCLE,CAUTION
INE465A01025,BHARATFORG,BHARAT FORGE,STRONG,16.0,59,BASING,CAUTION
INE274J01014,OIL,OIL INDIA,WATCHLIST_CONFIRMED,16.0,59,LATE_CYCLE,CAUTION
INE0FRK01020,MOTISONS,MOTISONS JEWEL,WATCHLIST_CONFIRMED,12.0,59,BASING,CAUTION
INE0JYY01011,MWL,MANGALAM WORLD.,WATCHLIST_CONFIRMED,13.0,59,TOPPING,CAUTION
INE0OUT01019,ORIANA,ORIANA POWER LTD,WATCHLIST_CONFIRMED,12.0,59,TOPPING,CAUTION
INE090B01011,OMAXAUTO,OMAX AUTOS,STRONG,16.0,59,BASING,CAUTION
INE405E01023,UNOMINDA,UNO MINDA,STRONG,13.0,59,BASING,CAUTION
INE1TAE01010,TMCV,TATA MOTORS,WATCHLIST_CONFIRMED,11.0,59,CORRECTION,CAUTION
INE319Y01024,TIRUPATIFL,TIRUPATI FORGE,WATCHLIST_CONFIRMED,14.0,59,TOPPING,CAUTION
INE792Z01011,SIRCA,SIRCA PAINTS,WATCHLIST_CONFIRMED,13.0,59,BASING,CAUTION
INE979A01025,SAREGAMA,SAREGAMA INDIA,WATCHLIST_CONFIRMED,14.0,59,TOPPING,CAUTION
INE0PB301013,SCILAL,SHIPPING LAND,WATCHLIST_EXTERNAL,8.0,59,BASING,CAUTION
INE123W01016,SBILIFE,SBI LIFE INSURAN,WATCHLIST_EXTERNAL,7.0,59,BASING,CAUTION
INE736A01011,CDSL,C D S L,STRONG,11.0,59,BASING,CAUTION
INE0KBH01020,BLUEJET,BLUE JET HEALTH,STRONG,11.0,59,MID_CYCLE,CAUTION
INE361B01024,DIVISLAB,DIVI'S LAB.,STRONG,16.0,59,MID_CYCLE,CAUTION
INE259A01022,COLPAL,COLGATE-PALMOLIV,WATCHLIST_CONFIRMED,10.0,59,BASING,CAUTION
INE00E101023,BIKAJI,BIKAJI FOODS,WATCHLIST_CONFIRMED,11.0,59,TOPPING,CAUTION
INE821I01022,IRB,IRB INFRA.DEVL.,WATCHLIST_CONFIRMED,13.0,59,TOPPING,CAUTION
INE092T01019,IDFCFIRSTB,IDFC FIRST BANK,WATCHLIST_CONFIRMED,11.0,59,BASING,CAUTION
INE323C01030,INDIANHUME,INDIAN HUME PIPE,WATCHLIST_CONFIRMED,10.0,59,TOPPING,CAUTION
INE681B01017,INDRAMEDCO,INDRAPR.MEDICAL,STRONG,10.0,59,MID_CYCLE,CAUTION
INE845D01014,GANECOS,GANESHA ECOSPHE.,WATCHLIST_CONFIRMED,9.0,59,BASING,CAUTION
INE129A01019,GAIL,GAIL (INDIA),WATCHLIST_CONFIRMED,11.0,59,MID_CYCLE,CAUTION
INE296H01011,EMKAY,EMK.GLOBAL FIN.,STRONG,14.0,59,BASING,CAUTION
INE168P01015,EMCURE,EMCURE PHARMA,STRONG,17.0,59,MID_CYCLE,CAUTION
INE255D01024,GULPOLY,GULSHAN POLYOLS,WATCHLIST_EXTERNAL,11.0,59,TOPPING,CAUTION
INE068V01023,GLAND,GLAND PHARMA,STRONG,18.0,59,MID_CYCLE,CAUTION
INE251B01027,ZENTEC,ZEN TECHNOLOGIES,WATCHLIST_CONFIRMED,13.0,58,TOPPING,CAUTION
INE211B01039,PHOENIXLTD,PHOENIX MILLS,WATCHLIST_CONFIRMED,11.0,58,BASING,CAUTION
INE278H01035,SANDHAR,SANDHAR TECH,WATCHLIST_CONFIRMED,13.0,58,BASING,CAUTION
INE474C01023,REMSONSIND,REMSONS IND,WATCHLIST_CONFIRMED,12.0,58,BASING,CAUTION
INE01EG01016,RITCO,RITCO LOGISTICS,WATCHLIST_EXTERNAL,10.0,58,TOPPING,CAUTION
INE775A01035,MOTHERSON,SAMVARDH. MOTHE.,WATCHLIST_CONFIRMED,14.0,58,BASING,CAUTION
INE745G01043,MCX,MULTI COMM. EXC.,STRONG,12.0,58,BASING,CAUTION
INE0PKD01011,MEIL,MANGAL ELECTRICA,WATCHLIST_CONFIRMED,11.0,58,TOPPING,CAUTION
INE750A01020,ORIENTHOT,ORIENTAL HOTELS,WATCHLIST_CONFIRMED,10.0,58,BASING,CAUTION
INE149O01018,NIBE,NIBE,WATCHLIST_CONFIRMED,11.0,58,TOPPING,CAUTION
INE454P01035,TRANSRAILL,TRANSRAIL LIGHT,WATCHLIST_CONFIRMED,11.0,58,TOPPING,CAUTION
INE075A01022,WIPRO,WIPRO,WATCHLIST_CONFIRMED,11.0,58,BASING,CAUTION
INE513A01022,SCHAEFFLER,SCHAEFFLER INDIA,WATCHLIST_CONFIRMED,11.0,58,BASING,CAUTION
INE085A01013,CHAMBLFERT,CHAMBAL FERT.,WATCHLIST_CONFIRMED,11.0,58,TOPPING,CAUTION
INE0R7401011,CGRAPHICS,CREATIVE GRAPHIC,WATCHLIST_CONFIRMED,10.0,58,TOPPING,CAUTION
INE278Y01022,CAMPUS,CAMPUS ACTIVEWE.,WATCHLIST_CONFIRMED,11.0,58,BASING,CAUTION
INE472A01039,BLUESTARCO,BLUE STAR,WATCHLIST_CONFIRMED,11.0,58,BASING,CAUTION
INE552D01024,CONFIPET,CONFIDENCE PETRO,WATCHLIST_CONFIRMED,12.0,58,MID_CYCLE,CAUTION
INE463A01038,BERGEPAINT,BERGER PAINTS,WATCHLIST_CONFIRMED,12.0,58,BASING,CAUTION
INE732I01021,ANGELONE,ANGEL ONE,STRONG,11.0,58,BASING,CAUTION
INE0LCL01028,AVALON,AVALON TECH,WATCHLIST_CONFIRMED,18.0,58,TOPPING,CAUTION
INE0I7C01011,LATENTVIEW,LATENT VIEW,WATCHLIST_CONFIRMED,13.0,58,BASING,CAUTION
INE599M01018,JUSTDIAL,JUST DIAL,WATCHLIST_CONFIRMED,10.0,58,BASING,CAUTION
INE036B01030,GAEL,GUJ. AMBUJA EXP,WATCHLIST_EXTERNAL,15.0,58,TOPPING,CAUTION
INE593W01028,FOCUS,FOCUS LIGHTING,WATCHLIST_CONFIRMED,11.0,58,BASING,CAUTION
INE652V01016,GANESHCP,GANESH CONSUMER,WATCHLIST_EXTERNAL,11.0,58,TOPPING,CAUTION
INE0LLY01014,EIEL,ENVIRO INFRA,WATCHLIST_CONFIRMED,11.0,58,TOPPING,CAUTION
INE548A01028,HFCL,HFCL,WATCHLIST_CONFIRMED,15.0,58,BASING,CAUTION
INE841L01016,DEEDEV,DEE DEVELOPMENT,WATCHLIST_CONFIRMED,14.0,57,TOPPING,CAUTION
INE067A01029,CGPOWER,CG POWER & IND,WATCHLIST_CONFIRMED,14.0,57,TOPPING,CAUTION
INE0KNT01012,MVGJL,MANOJ VAIBHAV,WATCHLIST_CONFIRMED,11.0,57,BASING,CAUTION
INE239A01024,NESTLEIND,NESTLE INDIA,WATCHLIST_EXTERNAL,12.0,57,TOPPING,CAUTION
INE010V01017,LTTS,L&T TECHNOLOGY,WATCHLIST_CONFIRMED,10.0,57,BASING,CAUTION
INE229A01017,ONWARDTEC,ONWARD TECHNOLOG,WATCHLIST_CONFIRMED,13.0,57,BASING,CAUTION
INE088F01024,PARADEEP,PARADEEP PHOSPH.,WATCHLIST_EXTERNAL,12.0,57,TOPPING,CAUTION
INE0CJF01024,WCIL,WESTERN CARRIERS,WATCHLIST_EXTERNAL,12.0,57,TOPPING,CAUTION
INE1B6101010,SHREEJISPG,SHREEJI SHIP. GL,WATCHLIST_EXTERNAL,11.0,57,TOPPING,CAUTION
INE467B01029,TCS,TCS,WATCHLIST_CONFIRMED,12.0,57,BASING,CAUTION
INE269A01021,SONATSOFTW,SONATA SOFTWARE,WATCHLIST_CONFIRMED,11.0,57,BASING,CAUTION
INE880Y01017,SOLEX,SOLEX ENERGY,WATCHLIST_CONFIRMED,12.0,57,TOPPING,CAUTION
INE0OMO01025,CELLECOR,CELLECOR GADGETS,WATCHLIST_CONFIRMED,11.0,57,BASING,CAUTION
INE0QRV01016,ABSMARINE,ABS MARINE,WATCHLIST_EXTERNAL,11.0,57,TOPPING,CAUTION
INE298G01035,AJMERA,AJMERA REALTY,WATCHLIST_CONFIRMED,8.0,57,BASING,CAUTION
INE713T01028,APOLLO,APOLLO MICRO SYS,WATCHLIST_CONFIRMED,13.0,57,TOPPING,CAUTION
INE437A01024,APOLLOHOSP,APOLLO HOSPITALS,WATCHLIST_CONFIRMED,16.0,57,MID_CYCLE,CAUTION
INE132H01018,AURIONPRO,AURIONPRO SOL.,WATCHLIST_CONFIRMED,12.0,57,BASING,CAUTION
INE682M01012,JLHL,JUPITER LIFE LIN,WATCHLIST_CONFIRMED,13.0,57,MID_CYCLE,CAUTION
INE749A01030,JINDALSTEL,JINDAL STEEL,WATCHLIST_CONFIRMED,13.0,57,BASING,CAUTION
INE0V6F01027,HYUNDAI,HYUNDAI MOTOR I,WATCHLIST_CONFIRMED,11.0,57,BASING,CAUTION
INE0J1E01027,KCK,KCK INDUSTRIES,WATCHLIST_EXTERNAL,8.0,57,TOPPING,CAUTION
INE071N01016,EPIGRAL,EPIGRAL,WATCHLIST_CONFIRMED,11.0,57,MID_CYCLE,CAUTION
INE025B01025,GOLDIAM,GOLDIAM INTL.,WATCHLIST_CONFIRMED,12.0,57,BASING,CAUTION
INE266D01021,GRAUWEIL,GRAUER & WEIL,WATCHLIST_CONFIRMED,10.0,57,MID_CYCLE,CAUTION
INE481Y01014,GICRE,GENERAL INSURANC,WATCHLIST_EXTERNAL,9.0,57,BASING,CAUTION
INE045601023,PARAS,PARAS DEFENCE,WATCHLIST_CONFIRMED,11.0,56,TOPPING,CAUTION
INE877F01012,PTC,PTC INDIA,WATCHLIST_EXTERNAL,12.0,56,TOPPING,CAUTION
INE949H01023,MANINFRA,MAN INFRA,WATCHLIST_EXTERNAL,11.0,56,TOPPING,CAUTION
INE677D01037,MASTERTR,MASTER TRUST,WATCHLIST_CONFIRMED,11.0,56,BASING,CAUTION
INE227C01017,MMFL,M M FORGINGS,WATCHLIST_CONFIRMED,15.0,56,BASING,CAUTION
INE594H01019,THYROCARE,THYROCARE TECH.,WATCHLIST_CONFIRMED,11.0,56,MID_CYCLE,CAUTION
INE956G01038,WABAG,VA TECH WABAG,WATCHLIST_CONFIRMED,13.0,56,TOPPING,CAUTION
INE385F01024,SGMART,SG MART,WATCHLIST_CONFIRMED,14.0,56,TOPPING,CAUTION
INE782X01033,SERVOTECH,SERVOTECH RENEW,WATCHLIST_CONFIRMED,12.0,56,TOPPING,CAUTION
INE555Z01020,TARACHAND,TARA CHAND INFRA,WATCHLIST_CONFIRMED,11.0,56,BASING,CAUTION
INE925R01014,CMSINFO,CMS INFO SYSTEMS,WATCHLIST_CONFIRMED,12.0,56,BASING,CAUTION
INE540L01014,ALKEM,ALKEM LAB,STRONG,12.0,56,MID_CYCLE,CAUTION
INE495P01020,BECTORFOOD,MRS BECTORS,WATCHLIST_EXTERNAL,10.0,56,TOPPING,CAUTION
INE0GSL01024,HPAL,HP ADHESIVES,WATCHLIST_CONFIRMED,10.0,56,MID_CYCLE,CAUTION
INE643A01035,JTEKTINDIA,JTEKT INDIA,WATCHLIST_CONFIRMED,11.0,56,BASING,CAUTION
INE844O01030,GUJGASLTD,GUJARAT GAS,WATCHLIST_CONFIRMED,10.0,56,MID_CYCLE,CAUTION
INE177H01039,GPIL,GODAWARI POWER,WATCHLIST_CONFIRMED,14.0,55,TOPPING,CAUTION
INE271B01025,MAHSEAMLES,MAH. SEAMLESS,WATCHLIST_CONFIRMED,14.0,55,TOPPING,CAUTION
INE205C01021,POLYMED,POLY MEDICURE,WATCHLIST_CONFIRMED,12.0,55,TOPPING,CAUTION
INE160A01022,PNB,PUNJAB NATL.BANK,WATCHLIST_CONFIRMED,10.0,55,BASING,CAUTION
INE074A01025,PRAJIND,PRAJ INDUSTRIES,WATCHLIST_EXTERNAL,10.0,55,TOPPING,CAUTION
INE050001010,PPL,PRAKASH PIPES,WATCHLIST_CONFIRMED,11.0,55,TOPPING,CAUTION
INE891D01026,REDINGTON,REDINGTON,WATCHLIST_CONFIRMED,12.0,55,BASING,CAUTION
INE688D01026,RESPONIND,RESPONSIVE IND,WATCHLIST_CONFIRMED,12.0,55,BASING,CAUTION
INE244O01017,UNIPARTS,UNIPARTS INDIA,WATCHLIST_CONFIRMED,16.0,55,BASING,CAUTION
INE411B01019,VENUSREM,VENUS REMEDIES,STRONG,16.0,55,MID_CYCLE,CAUTION
INE884A01027,VAIBHAVGBL,VAIBHAV GLOBAL,WATCHLIST_CONFIRMED,11.0,55,BASING,CAUTION
INE453D01025,SARLAPOLY,SARLA PERFORMANC,WATCHLIST_CONFIRMED,11.0,55,BASING,CAUTION
INE0M4D01010,SETL,STANDARD ENGINEERING TECHNOLOGY,WATCHLIST_EXTERNAL,12.0,55,TOPPING,CAUTION
INE258G01013,SUMICHEM,SUMITOMO CHEMI.,WATCHLIST_EXTERNAL,10.0,55,TOPPING,CAUTION
INE621L01012,TEXRAIL,TEXMACO RAIL,WATCHLIST_EXTERNAL,11.0,55,TOPPING,CAUTION
INE683A01023,SOUTHBANK,SOUTH IND.BANK,WATCHLIST_CONFIRMED,12.0,55,BASING,CAUTION
INE646H01017,CAPITALSFB,CAPITAL SMALL,WATCHLIST_CONFIRMED,9.0,55,BASING,CAUTION
INE172A01027,CASTROLIND,CASTROL INDIA,WATCHLIST_CONFIRMED,10.0,55,TOPPING,CAUTION
INE295F01017,BUTTERFLY,BUTTERFLY GAN AP,WATCHLIST_CONFIRMED,12.0,55,BASING,CAUTION
INE371P01015,AMBER,AMBER ENTERP.,WATCHLIST_CONFIRMED,13.0,55,BASING,CAUTION
INE028A01039,BANKBARODA,BANK OF BARODA,WATCHLIST_CONFIRMED,11.0,55,BASING,CAUTION
INE765G01017,ICICIGI,ICICI LOMBARD,WATCHLIST_EXTERNAL,8.0,55,BASING,CAUTION
INE495S01016,HPL,HPL ELECTRIC,WATCHLIST_EXTERNAL,8.0,55,TOPPING,CAUTION
INE915B01019,INDSWFTLAB,IND-SWIFT LABS.,STRONG,14.0,55,MID_CYCLE,CAUTION
INE614B01018,KTKBANK,KARNATAKA BANK,WATCHLIST_CONFIRMED,11.0,55,BASING,CAUTION
INE164B01030,KELLTONTEC,KELLTON TECH,WATCHLIST_CONFIRMED,10.0,55,BASING,CAUTION
INE235A01022,FINCABLES,FINOLEX CABLES,WATCHLIST_CONFIRMED,14.0,54,TOPPING,CAUTION
INE200A01026,GVT&D,GE VERNOVA T&D,WATCHLIST_CONFIRMED,14.0,54,TOPPING,CAUTION
INE144J01027,20MICRONS,20 MICRONS,WATCHLIST_CONFIRMED,10.0,54,TOPPING,CAUTION
INE614A01028,RAMCOIND,RAMCO INDS.,WATCHLIST_CONFIRMED,10.0,54,BASING,CAUTION
INE603J01030,PIIND,P I INDUSTRIES,WATCHLIST_EXTERNAL,9.0,54,TOPPING,CAUTION
INE182D01020,MARATHON,MARATHON NEXTGEN,WATCHLIST_CONFIRMED,10.0,54,BASING,CAUTION
INE784W01015,MANOMAY,MANOMAY TEX INDI,WATCHLIST_CONFIRMED,10.0,54,BASING,CAUTION
INE332A01027,THOMASCOOK,THOMAS COOK (I),WATCHLIST_CONFIRMED,9.0,54,BASING,CAUTION
INE906O01029,TIGERLOGS,TIGER LOGISTICS,WATCHLIST_EXTERNAL,10.0,54,TOPPING,CAUTION
INE825A01020,VTL,VARDHMAN TEXTILE,WATCHLIST_CONFIRMED,13.0,54,BASING,CAUTION
INE226A01021,VOLTAS,VOLTAS,WATCHLIST_CONFIRMED,11.0,54,BASING,CAUTION
INE192B01031,WELSPUNLIV,WELSPUN LIVING,WATCHLIST_CONFIRMED,12.0,54,BASING,CAUTION
INE076B01028,SIYSIL,SIYARAM SILK,WATCHLIST_CONFIRMED,9.0,54,BASING,CAUTION
INE843S01025,SURAJEST,SURAJ ESTATE,WATCHLIST_CONFIRMED,10.0,54,BASING,CAUTION
INE124E01038,STEELCAS,STEELCAST,WATCHLIST_CONFIRMED,9.0,54,TOPPING,CAUTION
INE769A01020,AARTIIND,AARTI INDUSTRIES,WATCHLIST_CONFIRMED,14.0,54,MID_CYCLE,CAUTION
INE758C01029,AHLUCONT,AHLUWALIA CONTR.,WATCHLIST_EXTERNAL,10.0,54,TOPPING,CAUTION
INE0R9401019,AVPINFRA,AVP INFRACON,WATCHLIST_EXTERNAL,8.0,54,TOPPING,CAUTION
INE0H9P01028,ARIS,ARISINFRA SOLU.,WATCHLIST_CONFIRMED,10.0,54,BASING,CAUTION
INE006I01046,ASTRAL,ASTRAL,WATCHLIST_CONFIRMED,15.0,54,TOPPING,CAUTION
INE914M01019,ASTERDM,ASTER DM HEALTH.,WATCHLIST_CONFIRMED,15.0,54,MID_CYCLE,CAUTION
INE172N01012,IMAGICAA,IMAGICA. ENTER.,WATCHLIST_CONFIRMED,9.0,54,BASING,CAUTION
INE970X01018,LEMONTREE,LEMON TREE HOTEL,WATCHLIST_CONFIRMED,11.0,54,BASING,CAUTION
INE531A01024,KANSAINER,KANSAI NEROLAC,WATCHLIST_CONFIRMED,11.0,54,BASING,CAUTION
INE389H01022,KEC,KEC INTERNATIONAL,WATCHLIST_EXTERNAL,10.0,54,TOPPING,CAUTION
INE157H01023,KMSUGAR,KM SUGAR MILLS,WATCHLIST_EXTERNAL,12.0,54,TOPPING,CAUTION
INE758T01015,ETERNAL,ETERNAL,WATCHLIST_CONFIRMED,12.0,54,BASING,CAUTION
INE127D01025,HDFCAMC,HDFC AMC,WATCHLIST_CONFIRMED,10.0,54,BASING,CAUTION
INE955D01029,GENUSPOWER,GENUS POWER,WATCHLIST_CONFIRMED,12.0,54,TOPPING,CAUTION
INE0O7A01017,PRAMARA,PRAMARA PROMOTIO,WATCHLIST_CONFIRMED,11.0,53,MID_CYCLE,CAUTION
INE411H01032,RSYSTEMS,R SYSTEMS INTL.,WATCHLIST_CONFIRMED,10.0,53,BASING,CAUTION
INE320J01015,RITES,RITES,WATCHLIST_EXTERNAL,10.0,53,TOPPING,CAUTION
INE0FS801015,MSUMI,MOTHERSON WIRING,WATCHLIST_CONFIRMED,11.0,53,BASING,CAUTION
INE840Y01029,ONEPOINT,ONE POINT ONE,WATCHLIST_CONFIRMED,11.0,53,BASING,CAUTION
INE142Z01019,ORIENTELEC,ORIENT ELECTRIC,WATCHLIST_CONFIRMED,12.0,53,BASING,CAUTION
INE457L01029,PGEL,PG ELECTROPLAST,WATCHLIST_CONFIRMED,11.0,53,BASING,CAUTION
INE470Y01017,NIACL,NEW INDIA ASSURA,WATCHLIST_EXTERNAL,8.0,53,BASING,CAUTION
INE498Q01014,VINCOFE,VINTAGE COFFEE,WATCHLIST_CONFIRMED,13.0,53,BASING,CAUTION
INE024F01011,SHILCTECH,SHILCHAR TECH.,WATCHLIST_CONFIRMED,10.0,53,TOPPING,CAUTION
INE334A01023,STERTOOLS,STERLING TOOLS,WATCHLIST_CONFIRMED,10.0,53,BASING,CAUTION
INE760L01018,TBZ,T B Z,WATCHLIST_CONFIRMED,10.0,53,BASING,CAUTION
INE670A01012,TATAELXSI,TATA ELXSI,WATCHLIST_CONFIRMED,10.0,53,BASING,CAUTION
INE939A01011,STAR,STRIDES PHARMA,WATCHLIST_CONFIRMED,16.0,53,MID_CYCLE,CAUTION
INE377E01024,COASTCORP,COASTAL CORPORAT,WATCHLIST_EXTERNAL,16.0,53,TOPPING,CAUTION
INE065D01027,AEROENTER,AEROFLEX ENTER.,WATCHLIST_CONFIRMED,13.0,53,TOPPING,CAUTION
INE238A01034,AXISBANK,AXIS BANK,WATCHLIST_EXTERNAL,12.0,53,BASING,CAUTION
INE438A01022,APOLLOTYRE,APOLLO TYRES,WATCHLIST_CONFIRMED,12.0,53,BASING,CAUTION
INE784R01023,ARFIN,ARFIN INDIA,WATCHLIST_CONFIRMED,12.0,53,MID_CYCLE,CAUTION
INE622H01018,INDOFARM,INDO FARM EQUIP.,WATCHLIST_EXTERNAL,8.0,53,CORRECTION,CAUTION
INE634I01029,KNRCON,KNR CONSTRUCT.,WATCHLIST_EXTERNAL,8.0,53,TOPPING,CAUTION
INE198501012,EUROPRATIK,EURO PRATIK SALE,WATCHLIST_CONFIRMED,10.0,53,BASING,CAUTION
INE418N01035,ESSENTIA,INTEGRA ESSENTIA,WATCHLIST_CONFIRMED,12.0,53,BASING,CAUTION
INE603A01013,PRAKASH,PRAKASH INDUSTRI,WATCHLIST_CONFIRMED,9.0,52,BASING,CAUTION
INE874I01013,RAMKY,RAMKY INFRA,WATCHLIST_EXTERNAL,8.0,52,TOPPING,CAUTION
INE255X01014,MSTCLTD,MSTC,WATCHLIST_CONFIRMED,9.0,52,BASING,CAUTION
INE824Q01011,MANAKSTEEL,MANAKSIA STEELS,WATCHLIST_CONFIRMED,11.0,52,BASING,CAUTION
INE213A01029,ONGC,O N G C,WATCHLIST_CONFIRMED,13.0,52,LATE_CYCLE,CAUTION
INE0PPK01015,ORIENTTECH,ORIENT TECH.,WATCHLIST_CONFIRMED,10.0,52,BASING,CAUTION
INE0R8B01010,PATELRMART,PATEL RETAIL,WATCHLIST_CONFIRMED,8.0,52,BASING,CAUTION
INE119201023,PARKHOSPS,PARK MEDI WORLD,WATCHLIST_CONFIRMED,13.0,52,MID_CYCLE,CAUTION
INE932A01024,PENIND,PENNAR INDUSTRIE,WATCHLIST_EXTERNAL,8.0,52,TOPPING,CAUTION
INE686F01025,UBL,UNITED BREWERIES,WATCHLIST_EXTERNAL,12.0,52,TOPPING,CAUTION
INE366I01010,VRLLOG,VRL LOGISTICS,WATCHLIST_EXTERNAL,10.0,52,TOPPING,CAUTION
INE951I01027,VGUARD,V-GUARD INDUSTRI,WATCHLIST_CONFIRMED,11.0,52,BASING,CAUTION
INE0PUC01020,SARTELE,SAR TELEVENTURE,WATCHLIST_EXTERNAL,8.0,52,BASING,CAUTION
INE663A01033,SPLPETRO,SUPREME PETROCH.,WATCHLIST_CONFIRMED,11.0,52,MID_CYCLE,CAUTION
INE647A01010,SRF,SRF,WATCHLIST_CONFIRMED,12.0,52,MID_CYCLE,CAUTION
INE029A01011,BPCL,B P C L,WATCHLIST_CONFIRMED,12.0,52,TOPPING,CAUTION
INE169A01031,COROMANDEL,COROMANDEL INTER,WATCHLIST_EXTERNAL,8.0,52,TOPPING,CAUTION
INE0OPA01019,DBEIL,DEEPAK BUILDERS,WATCHLIST_EXTERNAL,9.0,52,TOPPING,CAUTION
INE466L01038,360ONE,360 ONE,WATCHLIST_CONFIRMED,13.0,52,BASING,CAUTION
INE922A01025,BEPL,BHANSALI ENGG.,WATCHLIST_CONFIRMED,11.0,52,MID_CYCLE,CAUTION
INE571A01038,IPCALAB,IPCA LABS.,WATCHLIST_CONFIRMED,18.0,52,MID_CYCLE,CAUTION
INE0QN801017,KRYSTAL,KRYSTAL INTEGRAT,WATCHLIST_CONFIRMED,9.0,52,BASING,CAUTION
INE001B01026,KRBL,KRBL,WATCHLIST_EXTERNAL,9.0,52,TOPPING,CAUTION
INE529A01010,FMGOETZE,FEDERAL-MOGUL GO,WATCHLIST_CONFIRMED,12.0,52,BASING,CAUTION
INE1C6T01020,EMMVEE,EMMVEE PHOTOVOL.,WATCHLIST_CONFIRMED,13.0,52,TOPPING,CAUTION
INE0G5901015,EPACK,EPACK DURABLE,WATCHLIST_CONFIRMED,10.0,52,BASING,CAUTION
INE176B01034,HAVELLS,HAVELLS INDIA,WATCHLIST_CONFIRMED,11.0,52,BASING,CAUTION
INE776C01039,GMRAIRPORT,GMR AIRPORTS,WATCHLIST_CONFIRMED,10.0,52,BASING,CAUTION
INE0J1F01024,RPTECH,RASHI PERIPHERAL,WATCHLIST_EXTERNAL,14.0,51,TOPPING,CAUTION
INE458B01036,BHAGYANGR,BHAGYANAGAR IND,WATCHLIST_EXTERNAL,13.0,51,MID_CYCLE,CAUTION
INE457F01013,SALZERELEC,SALZER ELECTRON.,WATCHLIST_CONFIRMED,11.0,51,TOPPING,CAUTION
INE743M01012,RHIM,RHI MAGNESITA,WATCHLIST_CONFIRMED,12.0,51,TOPPING,CAUTION
INE935B01025,MOSCHIP,MOSCHIP TECH.,WATCHLIST_EXTERNAL,11.0,51,TOPPING,CAUTION
INE050M01012,VSSL,VARDHMAN SPECIAL,WATCHLIST_CONFIRMED,14.0,51,TOPPING,CAUTION
INE410B01037,VINATIORGA,VINATI ORGANICS,WATCHLIST_CONFIRMED,11.0,51,MID_CYCLE,CAUTION
INE170E01023,SATIA,SATIA INDUSTRIES,WATCHLIST_EXTERNAL,9.0,51,CORRECTION,CAUTION
INE482D01024,CARYSIL,CARYSIL,WATCHLIST_CONFIRMED,14.0,51,BASING,CAUTION
INE836A01035,BSOFT,BIRLASOFT LTD,WATCHLIST_CONFIRMED,10.0,51,BASING,CAUTION
INE288B01029,DEEPAKNTR,DEEPAK NITRITE,WATCHLIST_CONFIRMED,11.0,51,MID_CYCLE,CAUTION
INE879I01012,DBREALTY,VALOR ESTATE,WATCHLIST_EXTERNAL,10.0,51,BASING,CAUTION
INE618L01018,5PAISA,5PAISA CAPITAL,WATCHLIST_CONFIRMED,11.0,51,BASING,CAUTION
INE931S01010,ADANIENSOL,ADANI ENERGY SOL,WATCHLIST_EXTERNAL,14.0,51,TOPPING,CAUTION
INE676A01027,BBOX,BLACK BOX,WATCHLIST_CONFIRMED,15.0,51,BASING,CAUTION
INE652Z01025,AVROIND,AVRO INDIA,WATCHLIST_CONFIRMED,11.0,51,BASING,CAUTION
INE442H01029,ASHOKA,ASHOKA BUILDCON,WATCHLIST_EXTERNAL,8.0,51,TOPPING,CAUTION
INE022Q01020,IEX,INDIAN ENERGY EX,WATCHLIST_CONFIRMED,11.0,51,BASING,CAUTION
INE346A01027,ICICIAMC,ICICI AMC,WATCHLIST_CONFIRMED,12.0,51,BASING,CAUTION
INE438K01021,KALAMANDIR,SAI SILKS,WATCHLIST_CONFIRMED,8.0,51,BASING,CAUTION
INE419U01012,HAPPSTMNDS,HAPPIEST MINDS,WATCHLIST_CONFIRMED,11.0,51,BASING,CAUTION
INE539A01019,GHCL,GHCL,WATCHLIST_CONFIRMED,11.0,51,MID_CYCLE,CAUTION
INE364U01010,ADANIGREEN,ADANI GREEN,WATCHLIST_EXTERNAL,13.0,50,TOPPING,CAUTION
INE146L01010,KIRLOSENG,KIRLOSKAR OIL,WATCHLIST_CONFIRMED,15.0,50,TOPPING,CAUTION
INE02ID01020,RAYMONDLSL,RAYMOND LIFESTYL,WATCHLIST_EXTERNAL,9.0,50,BASING,CAUTION
INE219Y01026,RMDRIP,R M DRIP & SPRIN,WATCHLIST_CONFIRMED,9.0,50,TOPPING,CAUTION
INE0CG401037,MUKKA,MUKKA PROTEINS,WATCHLIST_EXTERNAL,8.0,50,TOPPING,CAUTION
INE03EI01018,MAXESTATES,MAX ESTATES,WATCHLIST_CONFIRMED,8.0,50,BASING,CAUTION
INE155A01022,TMPV,TATA MOTORS PVEH,WATCHLIST_CONFIRMED,9.0,50,BASING,CAUTION
INE066O01014,WONDERLA,WONDERLA HOLIDAY,WATCHLIST_EXTERNAL,9.0,50,BASING,CAUTION
INE0D0K01022,SIGACHI,SIGACHI INDUST.,WATCHLIST_CONFIRMED,10.0,50,MID_CYCLE,CAUTION
INE424H01027,SUNTV,SUN TV NETWORK,WATCHLIST_EXTERNAL,10.0,50,TOPPING,CAUTION
INE0UIZ01018,BLACKBUCK,BLACKBUCK,WATCHLIST_EXTERNAL,12.0,50,TOPPING,CAUTION
INE032A01023,BOMDYEING,BOMBAY DYEING,WATCHLIST_EXTERNAL,8.0,50,BASING,CAUTION
INE00LO01017,CRAFTSMAN,CRAFTSMAN AUTO,WATCHLIST_CONFIRMED,16.0,50,BASING,CAUTION
INE397D01024,BHARTIARTL,BHARTI AIRTEL,WATCHLIST_EXTERNAL,10.0,50,BASING,CAUTION
INE0CZ201020,ANTHEM,ANTHEM BIOSCIENC,WATCHLIST_CONFIRMED,12.0,50,MID_CYCLE,CAUTION
INE565A01014,IOB,I O B,WATCHLIST_EXTERNAL,9.0,50,BASING,CAUTION
INE364A01020,JAYSREETEA,JAY SHREE TEA,WATCHLIST_EXTERNAL,7.0,50,TOPPING,CAUTION
INE275B01026,HUHTAMAKI,HUHTAMAKI INDIA,WATCHLIST_CONFIRMED,11.0,50,TOPPING,CAUTION
INE0ECP01024,HMAAGRO,HMA AGRO INDS.,WATCHLIST_EXTERNAL,10.0,50,TOPPING,CAUTION
INE455I01029,KSCL,KAVERI SEED CO.,WATCHLIST_EXTERNAL,8.0,50,TOPPING,CAUTION
INE684F01012,FSL,FIRSTSOUR.SOLU.,WATCHLIST_CONFIRMED,13.0,50,BASING,CAUTION
INE063P01018,EQUITASBNK,EQUITAS SMA. FIN,WATCHLIST_EXTERNAL,10.0,50,BASING,CAUTION
INE942C01045,GUJTHEM,GUJ. THEMIS BIO.,WATCHLIST_CONFIRMED,11.0,50,MID_CYCLE,CAUTION
INE00EV01017,HARIOMPIPE,HARIOM PIPE,WATCHLIST_CONFIRMED,9.0,50,TOPPING,CAUTION
INE040A01034,HDFCBANK,HDFC BANK,WATCHLIST_EXTERNAL,10.0,50,BASING,CAUTION
INE024L01027,GRAVITA,GRAVITA INDIA,WATCHLIST_EXTERNAL,10.0,50,TOPPING,CAUTION
INE417T01026,POLICYBZR,PB FINTECH.,WATCHLIST_EXTERNAL,10.0,49,BASING,CAUTION
INE0TNW01017,QUESTLAB,QUEST LABORATO.,WATCHLIST_CONFIRMED,11.0,49,MID_CYCLE,CAUTION
INE645S01024,ROLEXRINGS,ROLEX RINGS,WATCHLIST_CONFIRMED,9.0,49,BASING,CAUTION
INE149K01016,SANDUMA,SANDUR MANGANESE,WATCHLIST_EXTERNAL,11.0,49,TOPPING,CAUTION
INE103A01014,MRPL,M R P L,WATCHLIST_EXTERNAL,13.0,49,TOPPING,CAUTION
INE737D01021,MODISONLTD,MODISON,WATCHLIST_CONFIRMED,13.0,49,TOPPING,CAUTION
INE099Z01011,MIDHANI,MISHRA DHATU NIG,WATCHLIST_EXTERNAL,12.0,49,TOPPING,CAUTION
INE0QPI01025,SUDEEPPHRM,SUDEEP PHARMA,WATCHLIST_CONFIRMED,11.0,49,MID_CYCLE,CAUTION
INE07RO01027,SUPRIYA,SUPRIYA LIFESCI.,WATCHLIST_CONFIRMED,11.0,49,MID_CYCLE,CAUTION
INE0GK401011,TATVA,TATVA CHINTAN,WATCHLIST_CONFIRMED,13.0,49,MID_CYCLE,CAUTION
INE059A01026,CIPLA,CIPLA,WATCHLIST_CONFIRMED,12.0,49,MID_CYCLE,CAUTION
INE366A01041,DWARKESH,DWARIKESH SUGAR,WATCHLIST_EXTERNAL,10.0,49,TOPPING,CAUTION
INE843D01027,DCMSRIND,DCM SHRIRAM INDS,WATCHLIST_EXTERNAL,8.0,49,TOPPING,CAUTION
INE055S01018,CYIENTDLM,CYIENT DLM,WATCHLIST_EXTERNAL,10.0,49,TOPPING,CAUTION
INE837H01020,ADVENZYMES,ADVANCED ENZYME,WATCHLIST_CONFIRMED,14.0,49,MID_CYCLE,CAUTION
INE439A01020,ASAHIINDIA,ASAHI INDIA GLAS,WATCHLIST_CONFIRMED,12.0,49,BASING,CAUTION
INE907A01026,KSL,KALYANI STEELS,WATCHLIST_EXTERNAL,11.0,49,TOPPING,CAUTION
INE390H01020,KAMDHENU,KAMDHENU,WATCHLIST_EXTERNAL,9.0,49,TOPPING,CAUTION
INE790B01024,KCPSUGIND,KCP SUGAR &INDS.,WATCHLIST_EXTERNAL,8.0,49,TOPPING,CAUTION
INE0TQE01026,GLOTTIS,GLOTTIS,WATCHLIST_EXTERNAL,8.0,49,TOPPING,CAUTION
INE752E01010,POWERGRID,POWER GRID CORPN,WATCHLIST_EXTERNAL,12.0,48,TOPPING,CAUTION
INE546C01010,PICCADIL,PICCADILY AGRO,WATCHLIST_EXTERNAL,9.0,48,TOPPING,CAUTION
INE0BX301013,PROSTARM,PROSTARM INFO,WATCHLIST_EXTERNAL,10.0,48,TOPPING,CAUTION
INE976G01028,RBLBANK,RBL BANK,WATCHLIST_EXTERNAL,14.0,48,BASING,CAUTION
INE625B01014,RANASUG,RANA SUGARS,WATCHLIST_EXTERNAL,8.0,48,TOPPING,CAUTION
INE356A01018,MPHASIS,MPHASIS,WATCHLIST_CONFIRMED,11.0,48,BASING,CAUTION
INE0HLU01028,MOBIKWIK,ONE MOBIKWIK,WATCHLIST_EXTERNAL,9.0,48,BASING,CAUTION
INE982J01020,PAYTM,ONE 97,WATCHLIST_EXTERNAL,10.0,48,BASING,CAUTION
INE094J01016,UTIAMC,UTI AMC,WATCHLIST_CONFIRMED,11.0,48,BASING,CAUTION
INE01R501028,VIKRAN,VIKRAN ENGG.,WATCHLIST_EXTERNAL,9.0,48,TOPPING,CAUTION
INE712K01011,SHREEPUSHK,SH.PUSHKAR CHEM.,WATCHLIST_CONFIRMED,11.0,48,MID_CYCLE,CAUTION
INE669C01036,TECHM,TECH MAHINDRA,WATCHLIST_CONFIRMED,10.0,48,BASING,CAUTION
INE429I01024,CCCL,C C C L,WATCHLIST_EXTERNAL,7.0,48,BASING,CAUTION
INE495A01022,DALMIASUG,DALMIA BHARAT,WATCHLIST_EXTERNAL,10.0,48,TOPPING,CAUTION
INE570A01022,IONEXCHANG,ION EXCHANGE,WATCHLIST_EXTERNAL,10.0,48,TOPPING,CAUTION
INE168A01041,J&KBANK,J & K BANK,WATCHLIST_EXTERNAL,9.0,48,BASING,CAUTION
INE217B01036,KAJARIACER,KAJARIA CERAMICS,WATCHLIST_CONFIRMED,12.0,48,BASING,CAUTION
INE0KCE01017,EUREKAFORB,EUREKA FORBES,WATCHLIST_CONFIRMED,9.0,48,BASING,CAUTION
INE461C01038,GREENPLY,GREENPLY INDUSTR,WATCHLIST_CONFIRMED,11.0,48,BASING,CAUTION
INE803D01021,INDOBORAX,INDO BORAX & CH.,WATCHLIST_CONFIRMED,13.0,47,MID_CYCLE,CAUTION
INE418L01047,NAZARA,NAZARA TECHNOLO.,WATCHLIST_EXTERNAL,10.0,47,TOPPING,CAUTION
INE189I01024,NELCAST,NELCAST,WATCHLIST_EXTERNAL,13.0,47,TOPPING,CAUTION
INE634S01028,MANKIND,MANKIND PHARMA,WATCHLIST_CONFIRMED,13.0,47,MID_CYCLE,CAUTION
INE350C01017,OPTIEMUS,OPTIEMUS INFRA.,WATCHLIST_EXTERNAL,8.0,47,BASING,CAUTION
INE527H01019,UFO,UFO MOVIEZ,WATCHLIST_EXTERNAL,12.0,47,TOPPING,CAUTION
INE00XB01019,SEDEMAC,SEDEMAC MECHATRO,WATCHLIST_CONFIRMED,11.0,47,BASING,CAUTION
INE602W01027,SENCO,SENCO GOLD,WATCHLIST_CONFIRMED,12.0,47,BASING,CAUTION
INE19RI01016,TENNIND,TENNECO CLEAN,WATCHLIST_CONFIRMED,12.0,47,BASING,CAUTION
INE812G01025,SMSPHARMA,SMS PHARMA.,WATCHLIST_CONFIRMED,13.0,47,MID_CYCLE,CAUTION
INE536H01010,CIEINDIA,CIE AUTOMOTIVE,WATCHLIST_CONFIRMED,13.0,47,BASING,CAUTION
INE290S01011,CARTRADE,CARTRADE TECH,WATCHLIST_EXTERNAL,11.0,47,BASING,CAUTION
INE966A01022,DOLATALGO,DOLAT ALGOTECH,WATCHLIST_CONFIRMED,9.0,47,BASING,CAUTION
INE591G01025,COFORGE,COFORGE,WATCHLIST_CONFIRMED,13.0,47,BASING,CAUTION
INE179G01029,DAVANGERE,DAVANGERE SUGAR,WATCHLIST_EXTERNAL,9.0,47,BASING,CAUTION
INE0Y8W01025,AHCL,ANLON HEALTHCARE,WATCHLIST_CONFIRMED,12.0,47,MID_CYCLE,CAUTION
INE573A01042,JKTYRE,JK TYRE & INDUST,WATCHLIST_CONFIRMED,11.0,47,BASING,CAUTION
INE600L01024,LALPATHLAB,DR LAL PATHLABS,WATCHLIST_CONFIRMED,10.0,47,MID_CYCLE,CAUTION
INE947Q01028,LAURUSLABS,LAURUS LABS,WATCHLIST_CONFIRMED,16.0,47,MID_CYCLE,CAUTION
INE391J01032,JTLIND,JTL INDUSTRIES,WATCHLIST_EXTERNAL,11.0,47,TOPPING,CAUTION
INE816B01035,FILATEX,FILATEX INDIA,WATCHLIST_EXTERNAL,9.0,47,BASING,CAUTION
INE772T01024,PVSL,POPULAR VEHICLES,WATCHLIST_EXTERNAL,8.0,46,BASING,CAUTION
INE0MHO01029,REGAAL,REGAAL RESOURCES,WATCHLIST_EXTERNAL,8.0,46,TOPPING,CAUTION
INE759A01021,MASTEK,MASTEK,WATCHLIST_CONFIRMED,11.0,46,BASING,CAUTION
INE349A01021,NRBBEARING,NRB BEARINGS,WATCHLIST_CONFIRMED,13.0,46,BASING,CAUTION
INE974X01010,TIINDIA,TUBE INVESTMENTS,WATCHLIST_CONFIRMED,12.0,46,BASING,CAUTION
INE790G01031,SHILPAMED,SHILPA MEDICARE,WATCHLIST_CONFIRMED,12.0,46,MID_CYCLE,CAUTION
INE0MM001019,SHERA,SHERA ENERGY,WATCHLIST_EXTERNAL,12.0,46,TOPPING,CAUTION
INE387A01021,SUNDRMFAST,SUNDRAM FASTEN.,WATCHLIST_CONFIRMED,10.0,46,BASING,CAUTION
INE476A01022,CANBK,CANARA BANK,WATCHLIST_EXTERNAL,10.0,46,BASING,CAUTION
INE416D01022,BLISSGVS,BLISS GVS PHARMA,WATCHLIST_CONFIRMED,13.0,46,MID_CYCLE,CAUTION
INE365B01017,DATAMATICS,DATAMATICS GLOB.,WATCHLIST_CONFIRMED,10.0,46,BASING,CAUTION
INE622W01025,ACMESOLAR,ACME SOLAR HOLD.,WATCHLIST_EXTERNAL,11.0,46,TOPPING,CAUTION
INE05DH01017,ATMASTCO,ATMASTCO LTD,WATCHLIST_EXTERNAL,9.0,46,TOPPING,CAUTION
INE106T01025,HITECH,HI-TECH PIPES,WATCHLIST_EXTERNAL,10.0,46,TOPPING,CAUTION
INE0WO601020,LAXMIDENTL,LAXMI DENTAL,WATCHLIST_EXTERNAL,11.0,46,TOPPING,CAUTION
INE559R01029,LANDMARK,LANDMARK CARS,WATCHLIST_EXTERNAL,9.0,46,BASING,CAUTION
INE901X01013,FELIX,FELIX INDUSTRIES,WATCHLIST_EXTERNAL,11.0,46,TOPPING,CAUTION
INE818W01011,ESAFSFB,ESAF SMALL FIN,WATCHLIST_EXTERNAL,9.0,46,BASING,CAUTION
INE255A01020,EPL,EPL LTD,WATCHLIST_EXTERNAL,9.0,46,TOPPING,CAUTION
INE545A01024,HEG,HEG,WATCHLIST_EXTERNAL,15.0,46,TOPPING,CAUTION
INE415G01027,RVNL,RAIL VIKAS,WATCHLIST_EXTERNAL,10.0,45,TOPPING,CAUTION
INE398A01010,VENKEYS,VENKY'S (INDIA),WATCHLIST_EXTERNAL,9.0,45,TOPPING,CAUTION
INE111A01025,CONCOR,CONTAINER CORPN.,WATCHLIST_EXTERNAL,8.0,45,TOPPING,CAUTION
INE704P01025,COCHINSHIP,COCHIN SHIPYARD,WATCHLIST_EXTERNAL,9.0,45,TOPPING,CAUTION
INE136B01020,CYIENT,CYIENT,WATCHLIST_CONFIRMED,10.0,45,BASING,CAUTION
INE423A01024,ADANIENT,ADANI ENTERP.,WATCHLIST_EXTERNAL,13.0,45,TOPPING,CAUTION
INE0RUV01018,AIMTRON,AIMTRON,WATCHLIST_EXTERNAL,11.0,45,TOPPING,CAUTION
INE412G01024,BCLIND,BCL INDUSTRIES,WATCHLIST_EXTERNAL,9.0,45,TOPPING,CAUTION
INE379A01028,ITCHOTELS,ITC HOTELS,WATCHLIST_EXTERNAL,7.0,45,BASING,CAUTION
INE980O01024,JYOTICNC,JYOTI CNC AUTO.,WATCHLIST_EXTERNAL,8.0,45,TOPPING,CAUTION
INE641C01019,KAVDEFENCE,KAVVERI DEFENCE,WATCHLIST_EXTERNAL,8.0,45,BASING,CAUTION
INE536A01023,GRINDWELL,GRINDWELL NORTON,WATCHLIST_EXTERNAL,12.0,45,TOPPING,CAUTION
INE09XN01023,AKUMS,AKUMS DRUGS,WATCHLIST_CONFIRMED,11.0,44,MID_CYCLE,CAUTION
INE935A01035,GLENMARK,GLENMARK PHARMA.,WATCHLIST_CONFIRMED,15.0,44,MID_CYCLE,CAUTION
INE1RDG01013,PNGSREVA,PNGS REVA DIAMO.,WATCHLIST_CONFIRMED,9.0,44,BASING,CAUTION
INE557Z01018,PIGL,POWER & INSTRUM.,WATCHLIST_EXTERNAL,9.0,44,TOPPING,CAUTION
INE02A801020,ROSSARI,ROSSARI BIOTECH,WATCHLIST_CONFIRMED,10.0,44,MID_CYCLE,CAUTION
INE114A01011,SAIL,S A I L,WATCHLIST_EXTERNAL,14.0,44,BASING,CAUTION
INE06IR01021,OSIAHYPER,OSIA HYPER RETA.,WATCHLIST_EXTERNAL,8.0,44,BASING,CAUTION
INE818B01023,PASUPTAC,PASUPATI ACRYLON,WATCHLIST_CONFIRMED,12.0,44,MID_CYCLE,CAUTION
INE707A01012,VINDHYATEL,VINDHYA TELELINK,WATCHLIST_EXTERNAL,9.0,44,BASING,CAUTION
INE625G01013,WELENT,WELSPUN ENTERP,WATCHLIST_EXTERNAL,8.0,44,TOPPING,CAUTION
INE078V01014,VIKRAMSOLR,VIKRAM SOLAR,WATCHLIST_EXTERNAL,9.0,44,TOPPING,CAUTION
INE192A01025,TATACONSUM,TATA CONSUMER,WATCHLIST_EXTERNAL,11.0,44,TOPPING,CAUTION
INE937A01023,SPMLINFRA,SPML INFRA,WATCHLIST_EXTERNAL,10.0,44,TOPPING,CAUTION
INE965W01036,BMWVENTLTD,BMW VENTURES,WATCHLIST_EXTERNAL,8.0,44,TOPPING,CAUTION
INE0I3401014,DBOL,DHAMPUR BIO,WATCHLIST_EXTERNAL,11.0,44,TOPPING,CAUTION
INE079A01024,AMBUJACEM,AMBUJA CEMENTS,WATCHLIST_EXTERNAL,10.0,44,TOPPING,CAUTION
INE715B01021,ANDHRSUGAR,ANDHRA SUGARS,WATCHLIST_CONFIRMED,11.0,44,MID_CYCLE,CAUTION
INE119A01028,BALRAMCHIN,BALRAMPUR CHINI,WATCHLIST_EXTERNAL,9.0,44,TOPPING,CAUTION
INE009A01021,INFY,INFOSYS,WATCHLIST_CONFIRMED,9.0,44,BASING,CAUTION
INE008A01015,IDBI,IDBI BANK,WATCHLIST_EXTERNAL,8.0,44,BASING,CAUTION
INE094A01015,HINDPETRO,H P C L,WATCHLIST_EXTERNAL,11.0,44,TOPPING,CAUTION
INE461D01028,HLEGLAS,HLE GLASCOAT,WATCHLIST_EXTERNAL,10.0,44,TOPPING,CAUTION
INE918Z01012,KAYNES,KAYNES TECH,WATCHLIST_EXTERNAL,9.0,44,TOPPING,CAUTION
INE237A01036,KOTAKBANK,KOTAK MAH. BANK,WATCHLIST_EXTERNAL,9.0,44,BASING,CAUTION
INE0OJW01016,ROSSTECH,ROSSELL TECHSYS,WATCHLIST_EXTERNAL,11.0,43,TOPPING,CAUTION
INE953O01021,SANSERA,SANSERA ENGINEE.,WATCHLIST_CONFIRMED,12.0,43,BASING,CAUTION
INE0I0M01023,PRABHA,PRABHA ENERGY,WATCHLIST_EXTERNAL,9.0,43,LATE_CYCLE,CAUTION
INE488V01015,PSPPROJECT,PSP PROJECTS,WATCHLIST_EXTERNAL,10.0,43,TOPPING,CAUTION
INE0W2G01015,SAGILITY,SAGILITY,WATCHLIST_EXTERNAL,9.0,43,BASING,CAUTION
INE136S01016,NEOGEN,NEOGEN CHEMICALS,WATCHLIST_CONFIRMED,10.0,43,MID_CYCLE,CAUTION
INE0CAZ01013,URBANCO,URBAN COMPANY,WATCHLIST_EXTERNAL,9.0,43,BASING,CAUTION
INE500L01026,SHK,S H KELKAR & CO.,WATCHLIST_CONFIRMED,9.0,43,MID_CYCLE,CAUTION
INE802C01033,SSWL,STEEL STR. WHEEL,WATCHLIST_CONFIRMED,9.0,43,BASING,CAUTION
INE299U01018,CROMPTON,CROMPTON GR. CON,WATCHLIST_CONFIRMED,11.0,43,BASING,CAUTION
INE464A01036,BBL,BHARAT BIJLEE,WATCHLIST_EXTERNAL,9.0,43,TOPPING,CAUTION
INE894V01022,BELRISE,BELRISE INDUSTRI,WATCHLIST_CONFIRMED,13.0,43,BASING,CAUTION
INE823G01014,JKCEMENT,J K CEMENTS,WATCHLIST_EXTERNAL,10.0,43,TOPPING,CAUTION
INE529I01021,KUANTUM,KUANTUM PAPERS,WATCHLIST_EXTERNAL,8.0,43,CORRECTION,CAUTION
INE700A01033,JUBLPHARMA,JUBILANT PHARMO,WATCHLIST_CONFIRMED,12.0,43,MID_CYCLE,CAUTION
INE220B01022,KPIL,KALPATARU PROJ.,WATCHLIST_EXTERNAL,11.0,43,TOPPING,CAUTION
INE388A01029,GANESHBE,GANESH BENZOPL.,WATCHLIST_EXTERNAL,8.0,43,LATE_CYCLE,CAUTION
INE086A01029,ELECTCAST,ELECTROST.CAST.,WATCHLIST_EXTERNAL,11.0,43,TOPPING,CAUTION
INE007B01023,GEOJITFSL,GEOJIT FIN. SER.,WATCHLIST_CONFIRMED,9.0,43,BASING,CAUTION
INE03JT01014,GODIGIT,GO DIGIT GENERAL,WATCHLIST_EXTERNAL,6.0,43,BASING,CAUTION
INE482J01021,SHAH,SHAH METACORP,WATCHLIST_EXTERNAL,12.0,42,TOPPING,CAUTION
INE257A01026,BHEL,B H E L,WATCHLIST_EXTERNAL,15.0,42,TOPPING,CAUTION
INE367G01038,PFOCUS,PRIME FOCUS,WATCHLIST_EXTERNAL,11.0,42,TOPPING,CAUTION
INE691A01018,UCOBANK,UCO BANK,WATCHLIST_EXTERNAL,8.0,42,BASING,CAUTION
INE976A01021,WSTCSTPAPR,WEST COAST PAPER,WATCHLIST_EXTERNAL,10.0,42,CORRECTION,CAUTION
INE0U0J01015,YAAP,YAAP DIGITAL,WATCHLIST_EXTERNAL,7.0,42,MID_CYCLE,CAUTION
INE003A01024,SIEMENS,SIEMENS,WATCHLIST_EXTERNAL,11.0,42,TOPPING,CAUTION
INE0SCO01019,DPEL,DIVINE POWER,WATCHLIST_EXTERNAL,12.0,42,TOPPING,CAUTION
INE552Z01027,ABDL,ALLIED BLENDERS,WATCHLIST_EXTERNAL,9.0,42,TOPPING,CAUTION
INE0INX01018,AEGISVOPAK,AEGIS VOPAK TERM,WATCHLIST_EXTERNAL,9.0,42,LATE_CYCLE,CAUTION
INE545U01014,BANDHANBNK,BANDHAN BANK,WATCHLIST_EXTERNAL,11.0,42,BASING,CAUTION
INE420B01036,ARIHANTCAP,ARIHANT CAPITAL,WATCHLIST_CONFIRMED,8.0,42,BASING,CAUTION
INE885A01032,ARE&M,AMARA RAJA ENER.,WATCHLIST_CONFIRMED,9.0,42,BASING,CAUTION
INE559A01017,IFBIND,IFB INDUSTRIES,WATCHLIST_CONFIRMED,9.0,42,BASING,CAUTION
INE059D01020,LAOPALA,LA OPALA RG,WATCHLIST_CONFIRMED,9.0,42,BASING,CAUTION
INE1NPP01017,ENRIN,SIEMENS ENER.IND,WATCHLIST_EXTERNAL,9.0,42,TOPPING,CAUTION
INE010601016,ENTERO,ENTERO HEALTHCAR,WATCHLIST_EXTERNAL,8.0,42,BASING,CAUTION
INE371A01025,GRAPHITE,GRAPHITE INDIA,WATCHLIST_EXTERNAL,13.0,42,TOPPING,CAUTION
INE0V0W01025,GKSL,GUJARAT KIDNEY,WATCHLIST_CONFIRMED,11.0,42,MID_CYCLE,CAUTION
INE768C01028,ZYDUSWELL,ZYDUS WELLNESS,WATCHLIST_EXTERNAL,7.0,42,TOPPING,CAUTION
INE993A01026,MANINDS,MAN INDUSTRIES,WATCHLIST_EXTERNAL,14.0,41,TOPPING,CAUTION
INE12NJ01018,SAMBHV,SAMBHV STEEL,WATCHLIST_EXTERNAL,10.0,41,TOPPING,CAUTION
INE0R0J01010,MACOBSTECH,MACOBS TECHNOLO.,WATCHLIST_EXTERNAL,9.0,41,BASING,CAUTION
INE866K01023,WAAREEINDO,INDOSOLAR,WATCHLIST_EXTERNAL,9.0,41,TOPPING,CAUTION
INE274F01020,WESTLIFE,WESTLIFE FOOD,WATCHLIST_EXTERNAL,8.0,41,BASING,CAUTION
INE879A01019,SHREERAMA,SH. RAMA MULTI.,WATCHLIST_EXTERNAL,11.0,41,TOPPING,CAUTION
INE1VXE01018,STLNETWORK,STL NETWORKS,WATCHLIST_EXTERNAL,6.0,41,BASING,CAUTION
INE195A01028,SUPREMEIND,SUPREME INDS.,WATCHLIST_EXTERNAL,9.0,41,TOPPING,CAUTION
INE427F01016,CHALET,CHALET HOTELS,WATCHLIST_EXTERNAL,8.0,41,BASING,CAUTION
INE03NU01014,BRIGHOTEL,BRIGADE HOTEL,WATCHLIST_EXTERNAL,8.0,41,BASING,CAUTION
INE198H01019,AAREYDRUGS,AAREY DRUGS,WATCHLIST_CONFIRMED,13.0,41,MID_CYCLE,CAUTION
INE01BK01022,AWHCL,ANTONY WASTE HAN,WATCHLIST_EXTERNAL,9.0,41,TOPPING,CAUTION
INE901L01018,APLLTD,ALEMBIC PHARMA,WATCHLIST_CONFIRMED,11.0,41,MID_CYCLE,CAUTION
INE781A01025,INTENTECH,INTENSE TECH.,WATCHLIST_EXTERNAL,9.0,41,BASING,CAUTION
INE066P01011,INOXWIND,INOX WIND,WATCHLIST_EXTERNAL,11.0,41,TOPPING,CAUTION
INE956O01016,LENSKART,LENSKART SOLUT.,WATCHLIST_EXTERNAL,10.0,41,BASING,CAUTION
INE696F01016,JUNIPER,JUNIPER HOTELS,WATCHLIST_EXTERNAL,7.0,41,BASING,CAUTION
INE886D01026,EFCIL,EFC (I),WATCHLIST_CONFIRMED,10.0,41,BASING,CAUTION
INE878A01011,GVPIL,GE POWER,WATCHLIST_EXTERNAL,10.0,41,TOPPING,CAUTION
INE451D01029,RAJRATAN,RAJRATAN GLOBAL,WATCHLIST_CONFIRMED,10.0,40,BASING,CAUTION
INE0LP301011,PWL,PHYSICSWALLAH,WATCHLIST_EXTERNAL,6.0,40,BASING,CAUTION
INE083A01026,MOREPENLAB,MOREPEN LABS.,WATCHLIST_CONFIRMED,10.0,40,MID_CYCLE,CAUTION
INE830Q01018,MANAKCOAT,MANAKSIA COATED,WATCHLIST_EXTERNAL,9.0,40,TOPPING,CAUTION
INE0BYP01024,OSWALPUMPS,OSWAL PUMPS,WATCHLIST_EXTERNAL,8.0,40,TOPPING,CAUTION
INE807F01027,VIYASH,VIYASH SCIENTIFIC,WATCHLIST_CONFIRMED,11.0,40,MID_CYCLE,CAUTION
INE0SJA01013,VMSTMT,VMS TMT,WATCHLIST_EXTERNAL,7.0,40,TOPPING,CAUTION
INE483A01010,CENTRALBK,CENTRAL BANK,WATCHLIST_EXTERNAL,8.0,40,BASING,CAUTION
INE084K01015,AMANTA,AMANTA HEALTHCAR,WATCHLIST_CONFIRMED,11.0,40,MID_CYCLE,CAUTION
INE411U01027,BAJAJHCARE,BAJAJ HEALTHCARE,WATCHLIST_CONFIRMED,12.0,40,MID_CYCLE,CAUTION
INE842C01021,MINDACORP,MINDA CORP,WATCHLIST_CONFIRMED,9.0,39,BASING,CAUTION
INE665L01035,VARROC,VARROC ENGINEER,WATCHLIST_CONFIRMED,10.0,39,BASING,CAUTION
INE711A01022,WALCHANNAG,WALCHAN. INDS.,WATCHLIST_EXTERNAL,9.0,39,TOPPING,CAUTION
INE385C01021,SARDAEN,SARDA ENERGY,WATCHLIST_EXTERNAL,9.0,39,BASING,CAUTION
INE482A01020,CEATLTD,CEAT,WATCHLIST_CONFIRMED,10.0,39,BASING,CAUTION
INE150B01039,ALKYLAMINE,ALKYL AMINES,WATCHLIST_EXTERNAL,10.0,39,MID_CYCLE,CAUTION
INE012A01025,ACC,ACC,WATCHLIST_EXTERNAL,9.0,39,TOPPING,CAUTION
INE955V01021,ARVINDFASN,ARVIND FASHIONS.,WATCHLIST_EXTERNAL,7.0,39,BASING,CAUTION
INE188B01013,IGARASHI,IGARASHI MOTORS,WATCHLIST_CONFIRMED,8.0,39,BASING,CAUTION
INE227J01012,KALPATARU,KALPAT.,WATCHLIST_EXTERNAL,6.0,39,BASING,CAUTION
INE0MIS01010,PYRAMID,PYRAMID TECHNOPL,WATCHLIST_EXTERNAL,10.0,38,TOPPING,CAUTION
INE027H01010,MAXHEALTH,MAX HEALTHCARE,WATCHLIST_CONFIRMED,9.0,38,MID_CYCLE,CAUTION
INE576O01020,LXCHEM,LAXMI ORGANIC,WATCHLIST_EXTERNAL,10.0,38,MID_CYCLE,CAUTION
INE0AQ201015,THELEELA,LEELA PALACES HOTELS,WATCHLIST_EXTERNAL,6.0,38,BASING,CAUTION
INE392A01021,VISAKAIND,VISAKA INDUSTRIE,WATCHLIST_EXTERNAL,10.0,38,TOPPING,CAUTION
INE0R4L01018,DENTA,DENTA WATER,WATCHLIST_EXTERNAL,8.0,38,TOPPING,CAUTION
INE14LE01019,ABLBL,A B LIFESTYLE,WATCHLIST_EXTERNAL,7.0,38,BASING,CAUTION
INE28GN01010,ADVENTHTL,ADVENT HOTELS,WATCHLIST_EXTERNAL,6.0,38,BASING,CAUTION
INE0B9K01025,BANSALWIRE,BANSAL WIRE INDS,WATCHLIST_EXTERNAL,8.0,38,TOPPING,CAUTION
INE898S01029,AURUM,AURUM PROPTECH,WATCHLIST_EXTERNAL,8.0,38,BASING,CAUTION
INE485C01029,IOLCP,IOL CHEMICALS,WATCHLIST_CONFIRMED,13.0,38,MID_CYCLE,CAUTION
INE242A01010,IOC,I O C L,WATCHLIST_EXTERNAL,9.0,38,TOPPING,CAUTION
INE258B01022,FDC,FDC,WATCHLIST_CONFIRMED,9.0,38,MID_CYCLE,CAUTION
INE287C01037,MICEL,MIC ELECTRONICS,WATCHLIST_EXTERNAL,10.0,37,TOPPING,CAUTION
INE692G01013,XCHANGING,XCHANGING SOL.,WATCHLIST_EXTERNAL,9.0,37,BASING,CAUTION
INE090501011,SCODATUBES,SCODA TUBES,WATCHLIST_EXTERNAL,9.0,37,TOPPING,CAUTION
INE398R01022,SYNGENE,SYNGENE INTL.,WATCHLIST_CONFIRMED,11.0,37,MID_CYCLE,CAUTION
INE335K01011,COFFEEDAY,COFFEE DAY ENTER,WATCHLIST_EXTERNAL,7.0,37,BASING,CAUTION
INE501A01019,DEEPAKFERT,DEEPAK FERTILIS.,WATCHLIST_EXTERNAL,8.0,37,MID_CYCLE,CAUTION
INE08PH01015,ABCOTS,AB COTSPIN,WATCHLIST_EXTERNAL,6.0,37,BASING,CAUTION
INE08LI01020,KRSNAA,KRSNAA DIAGNOST.,WATCHLIST_CONFIRMED,9.0,37,MID_CYCLE,CAUTION
INE0HF201011,FABTECH,FABTECH TECH.,WATCHLIST_CONFIRMED,8.0,37,MID_CYCLE,CAUTION
INE495C01010,SANGAMIND,SANGAM INDIA,WATCHLIST_EXTERNAL,9.0,36,BASING,CAUTION
INE752G01015,MSPL,MSP STEEL & POW.,WATCHLIST_EXTERNAL,12.0,36,TOPPING,CAUTION
INE0AZY01017,VILAS,VILAS TRANSCORE,WATCHLIST_EXTERNAL,8.0,36,TOPPING,CAUTION
INE01II01013,SILGO,SILGO RETAIL,WATCHLIST_EXTERNAL,10.0,36,BASING,CAUTION
INE0FHS01024,DEEPINDS,DEEP INDUSTRIES,WATCHLIST_EXTERNAL,7.0,36,LATE_CYCLE,CAUTION
INE344S01016,INFOBEAN,INFOBEANS TECH.,WATCHLIST_EXTERNAL,8.0,36,BASING,CAUTION
INE1SY401010,RAYMONDREL,RAYMOND REALTY,WATCHLIST_EXTERNAL,8.0,35,BASING,CAUTION
INE491A01021,CUB,CITY UNION BANK,WATCHLIST_EXTERNAL,9.0,35,BASING,CAUTION
INE306R01017,INTELLECT,INTELLECT DESIGN,WATCHLIST_EXTERNAL,10.0,35,BASING,CAUTION
INE02NC01014,FINOPB,FINO PAYMENTS,WATCHLIST_EXTERNAL,7.0,35,BASING,CAUTION
INE742B01025,GUFICBIO,GUFIC BIOSCIENCE,WATCHLIST_CONFIRMED,10.0,35,MID_CYCLE,CAUTION
INE0KKN01029,RHETAN,RHETAN TMT LTD,WATCHLIST_EXTERNAL,12.0,34,TOPPING,CAUTION
INE415B01044,MARSONS,MARSONS,WATCHLIST_EXTERNAL,7.0,34,TOPPING,CAUTION
INE0VDM01015,MEESHO,MEESHO,WATCHLIST_EXTERNAL,9.0,34,BASING,CAUTION
INE602A01031,PCBL,PCBL CHEMICAL,WATCHLIST_EXTERNAL,8.0,34,MID_CYCLE,CAUTION
INE01FR01028,STYLEBAAZA,BAAZAR STYLE,WATCHLIST_EXTERNAL,7.0,34,BASING,CAUTION
INE666D01022,BORORENEW,BOROSIL RENEW.,WATCHLIST_EXTERNAL,9.0,34,TOPPING,CAUTION
INE112L01020,METROPOLIS,METROPOLIS HEALT,WATCHLIST_CONFIRMED,10.0,33,MID_CYCLE,CAUTION
INE090A01021,ICICIBANK,ICICI BANK,WATCHLIST_EXTERNAL,7.0,33,BASING,CAUTION
INE019A01038,JSWSTEEL,JSW STEEL,WATCHLIST_EXTERNAL,12.0,33,BASING,CAUTION
INE484J01027,GODREJPROP,GODREJ PROPERT.,WATCHLIST_EXTERNAL,7.0,33,BASING,CAUTION
INE191A01027,ORCHPHARMA,ORCHID PHARMA,WATCHLIST_CONFIRMED,9.0,32,MID_CYCLE,CAUTION
INE03QK01018,COHANCE,COHANCE LIFE,WATCHLIST_CONFIRMED,11.0,32,MID_CYCLE,CAUTION
INE070D01027,JAICORPLTD,JAI CORP,WATCHLIST_EXTERNAL,8.0,32,TOPPING,CAUTION
INE788H01017,HILTON,HILTON MET.FORG.,WATCHLIST_EXTERNAL,8.0,32,TOPPING,CAUTION
INE672B01032,MUNJALAU,MUNJAL AUTO INDS,WATCHLIST_EXTERNAL,10.0,31,BASING,CAUTION
INE531F01023,NUVAMA,NUVAMA WEALTH,WATCHLIST_EXTERNAL,7.0,31,BASING,CAUTION
INE081A01020,TATASTEEL,TATA STEEL,WATCHLIST_EXTERNAL,12.0,31,BASING,CAUTION
INE0U4701011,DIGITIDE,DIGITIDE SOLUTIO,WATCHLIST_EXTERNAL,7.0,31,BASING,CAUTION
INE0HOQ01053,GROWW,BILLIONBRAINS,WATCHLIST_EXTERNAL,10.0,31,BASING,CAUTION
INE06IJ01010,UTSSAV,UTSSAV CZ GOLD,WATCHLIST_EXTERNAL,9.0,30,BASING,CAUTION
INE061F01013,FORTIS,FORTIS HEALTH.,WATCHLIST_EXTERNAL,10.0,30,MID_CYCLE,CAUTION
INE049B01025,WOCKPHARMA,WOCKHARDT,WATCHLIST_EXTERNAL,11.0,29,MID_CYCLE,CAUTION
INE767A01016,AARTIDRUGS,AARTI DRUGS,WATCHLIST_EXTERNAL,9.0,29,MID_CYCLE,CAUTION
INE212S01015,FRACTAL,FRACTAL ANALYT.,WATCHLIST_EXTERNAL,9.0,29,BASING,CAUTION
INE406M01024,ERIS,ERIS LIFESCIENCE,WATCHLIST_EXTERNAL,9.0,29,MID_CYCLE,CAUTION
INE0XW001014,BIOPOL,BIOPOL CHEMICALS,WATCHLIST_EXTERNAL,7.0,28,MID_CYCLE,CAUTION
INE930P01018,ANURAS,ANUPAM RASAYAN,WATCHLIST_EXTERNAL,10.0,28,MID_CYCLE,CAUTION
INE526B01014,CALSOFT,CALIFORNIA SOFT.,WATCHLIST_EXTERNAL,10.0,26,BASING,CAUTION
INE022I01019,ASIANTILES,ASIAN GRANITO,WATCHLIST_EXTERNAL,8.0,26,BASING,CAUTION
INE571B01036,JAYBARMARU,JAY BHARAT MARU.,WATCHLIST_EXTERNAL,8.0,25,BASING,CAUTION
INE095A01012,INDUSINDBK,INDUSIND BANK,WATCHLIST_EXTERNAL,10.0,25,BASING,CAUTION
INE415I01015,KIRIINDUS,KIRI INDUSTRIES,WATCHLIST_EXTERNAL,6.0,25,MID_CYCLE,CAUTION
INE0PT501018,PLATIND,PLATINUM INDUSTR,WATCHLIST_EXTERNAL,5.0,22,MID_CYCLE,CAUTION
INE506V01022,RUBICON,RUBICON RESEARCH,WATCHLIST_EXTERNAL,9.0,22,MID_CYCLE,CAUTION
INE0T8T01010,ACCPL,ACCRETION PHA.,WATCHLIST_EXTERNAL,10.0,22,MID_CYCLE,CAUTION
INE1MTV01019,KRMAYURVED,KRM AYURVEDA,WATCHLIST_EXTERNAL,7.0,20,MID_CYCLE,CAUTION
INE10A501018,MAXVOLT,MAXVOLT ENERGY,WATCHLIST_EXTERNAL,7.0,17,BASING,CAUTION
INE013P01021,ONESOURCE,ONESOURCE SPECI.,WATCHLIST_EXTERNAL,10.0,17,MID_CYCLE,CAUTION
INE0TR001017,VIESL,VISION INFRA,WATCHLIST_EXTERNAL,8.0,17,BASING,CAUTION
INE108V01019,AWFIS,AWFIS SPACE,WATCHLIST_EXTERNAL,8.0,17,BASING,CAUTION
INE025R01021,ARTEMISMED,ARTEMIS MEDICARE,WATCHLIST_EXTERNAL,9.0,12,MID_CYCLE,CAUTION
